{"level":"info","message":"⌛ Building environment","timeElapsed":131,"timestamp":"2024-05-23T01:11:41.516Z"}
{"level":"info","message":"onRequest - WORKSPACE_URI:file:///home/dodain/workspace/wollok-dev/wollok-workspace/migracion-proyectos/pacmanBasicGame","timestamp":"2024-05-23T01:11:41.518Z"}
{"level":"info","message":"onRequest - STRONG_FILES_CHANGED:/home/dodain/workspace/wollok-dev/wollok-workspace/migracion-proyectos/pacmanBasicGame/src/example.wlk,/home/dodain/workspace/wollok-dev/wollok-workspace/migracion-proyectos/pacmanBasicGame/src/program.wpgm","timestamp":"2024-05-23T01:11:45.066Z"}
{"level":"info","message":"Removing diagnostics from /home/dodain/workspace/wollok-dev/wollok-workspace/migracion-proyectos/pacmanBasicGame/src/example.wlk","timestamp":"2024-05-23T01:11:45.366Z"}
{"level":"info","message":"Removing diagnostics from /home/dodain/workspace/wollok-dev/wollok-workspace/migracion-proyectos/pacmanBasicGame/src/program.wpgm","timestamp":"2024-05-23T01:11:45.366Z"}
{"level":"info","message":"onRequest - WORKSPACE_URI:file:///home/dodain/workspace/wollok-dev/wollok-workspace/migracion-proyectos/pacmanBasicGame","timestamp":"2024-05-23T01:11:45.369Z"}
{"level":"info","message":"onRequest - STRONG_FILES_CHANGED:/home/dodain/workspace/wollok-dev/wollok-workspace/migracion-proyectos/pacmanBasicGame/src","timestamp":"2024-05-23T01:11:47.697Z"}
{"level":"info","message":"onRequest - WORKSPACE_URI:file:///home/dodain/workspace/wollok-dev/wollok-workspace/migracion-proyectos/pacmanBasicGame","timestamp":"2024-05-23T01:11:47.834Z"}
{"level":"info","message":"Removing diagnostics from /home/dodain/workspace/wollok-dev/wollok-workspace/migracion-proyectos/pacmanBasicGame/src","timestamp":"2024-05-23T01:11:47.952Z"}
{"level":"info","message":"onRequest - STRONG_FILES_CHANGED:/home/dodain/workspace/wollok-dev/wollok-workspace/migracion-proyectos/pacmanBasicGame/workflows","timestamp":"2024-05-23T01:14:12.114Z"}
{"level":"info","message":"onRequest - WORKSPACE_URI:file:///home/dodain/workspace/wollok-dev/wollok-workspace/migracion-proyectos/pacmanBasicGame","timestamp":"2024-05-23T01:14:12.338Z"}
{"level":"info","message":"Removing diagnostics from /home/dodain/workspace/wollok-dev/wollok-workspace/migracion-proyectos/pacmanBasicGame/workflows","timestamp":"2024-05-23T01:14:12.466Z"}
{"level":"info","message":"onRequest - STRONG_FILES_CHANGED:/home/dodain/workspace/wollok-dev/wollok-workspace/migracion-proyectos/pacmanBasicGame/program.wpgm","timestamp":"2024-05-23T01:14:27.808Z"}
{"level":"info","message":"Removing diagnostics from /home/dodain/workspace/wollok-dev/wollok-workspace/migracion-proyectos/pacmanBasicGame/program.wpgm","timestamp":"2024-05-23T01:14:28.186Z"}
{"level":"info","message":"onRequest - WORKSPACE_URI:file:///home/dodain/workspace/wollok-dev/wollok-workspace/migracion-proyectos/pacmanBasicGame","timestamp":"2024-05-23T01:14:28.186Z"}
{"exitCode":0,"level":"info","message":"👾 Game executed program.pacmanGame on /home/dodain/workspace/wollok-dev/wollok-workspace/migracion-proyectos/pacmanBasicGame","timeElapsed":180121,"timestamp":"2024-05-23T01:15:03.399Z"}
{"level":"error","message":"✘ Completions for node failed: Error: [If]{75a07d} at pgmProgram.wpgm:26 exhausted all cases without a match [If]{75a07d} at pgmProgram.wpgm:26 exhausted all cases without a match","stack":"Error: [If]{75a07d} at pgmProgram.wpgm:26 exhausted all cases without a match\n    at /home/dodain/.vscode/extensions/uqbar.wollok-lsp-ide-0.3.1/node_modules/wollok-ts/dist/extensions.js:85:11\n    at completionsForNode (/home/dodain/.vscode/extensions/uqbar.wollok-lsp-ide-0.3.1/server/out/functionalities/autocomplete/node-completion.js:10:44)\n    at completeForParent (/home/dodain/.vscode/extensions/uqbar.wollok-lsp-ide-0.3.1/server/out/functionalities/autocomplete/node-completion.js:50:43)\n    at completeBody (/home/dodain/.vscode/extensions/uqbar.wollok-lsp-ide-0.3.1/server/out/functionalities/autocomplete/node-completion.js:36:62)\n    at /home/dodain/.vscode/extensions/uqbar.wollok-lsp-ide-0.3.1/node_modules/wollok-ts/dist/extensions.js:84:20\n    at completionsForNode (/home/dodain/.vscode/extensions/uqbar.wollok-lsp-ide-0.3.1/server/out/functionalities/autocomplete/node-completion.js:10:44)\n    at completeForParent (/home/dodain/.vscode/extensions/uqbar.wollok-lsp-ide-0.3.1/server/out/functionalities/autocomplete/node-completion.js:50:43)\n    at completeReference (/home/dodain/.vscode/extensions/uqbar.wollok-lsp-ide-0.3.1/server/out/functionalities/autocomplete/node-completion.js:58:135)\n    at /home/dodain/.vscode/extensions/uqbar.wollok-lsp-ide-0.3.1/node_modules/wollok-ts/dist/extensions.js:84:20\n    at completionsForNode (/home/dodain/.vscode/extensions/uqbar.wollok-lsp-ide-0.3.1/server/out/functionalities/autocomplete/node-completion.js:10:44)","timestamp":"2024-05-23T01:15:47.388Z"}
{"level":"info","message":"onRequest - completionItem/resolve","timestamp":"2024-05-23T01:15:47.729Z"}
{"level":"info","message":"onRequest - completionItem/resolve","timestamp":"2024-05-23T01:15:47.868Z"}
{"level":"info","message":"onRequest - completionItem/resolve","timestamp":"2024-05-23T01:15:47.928Z"}
{"level":"info","message":"onRequest - completionItem/resolve","timestamp":"2024-05-23T01:15:48.077Z"}
{"level":"info","message":"onRequest - completionItem/resolve","timestamp":"2024-05-23T01:15:48.130Z"}
{"level":"info","message":"onRequest - completionItem/resolve","timestamp":"2024-05-23T01:15:48.638Z"}
{"level":"info","message":"onRequest - completionItem/resolve","timestamp":"2024-05-23T01:15:48.806Z"}
{"level":"info","message":"onRequest - completionItem/resolve","timestamp":"2024-05-23T01:15:50.083Z"}
{"level":"info","message":"onRequest - completionItem/resolve","timestamp":"2024-05-23T01:15:50.219Z"}
{"level":"info","message":"onRequest - completionItem/resolve","timestamp":"2024-05-23T01:15:50.280Z"}
{"level":"info","message":"onRequest - completionItem/resolve","timestamp":"2024-05-23T01:15:50.487Z"}
{"level":"info","message":"onRequest - completionItem/resolve","timestamp":"2024-05-23T01:15:50.583Z"}
{"level":"error","message":"✘ Completions for node failed: Error: [Send]{c6a794} at pgmProgram.wpgm:27 exhausted all cases without a match [Send]{c6a794} at pgmProgram.wpgm:27 exhausted all cases without a match","stack":"Error: [Send]{c6a794} at pgmProgram.wpgm:27 exhausted all cases without a match\n    at /home/dodain/.vscode/extensions/uqbar.wollok-lsp-ide-0.3.1/node_modules/wollok-ts/dist/extensions.js:85:11\n    at completionsForNode (/home/dodain/.vscode/extensions/uqbar.wollok-lsp-ide-0.3.1/server/out/functionalities/autocomplete/node-completion.js:10:44)\n    at /home/dodain/.vscode/extensions/uqbar.wollok-lsp-ide-0.3.1/server/out/functionalities/autocomplete/autocomplete.js:22:154\n    at /home/dodain/.vscode/extensions/uqbar.wollok-lsp-ide-0.3.1/server/out/server.js:198:20\n    at /home/dodain/.vscode/extensions/uqbar.wollok-lsp-ide-0.3.1/server/node_modules/vscode-languageserver/lib/common/server.js:593:20\n    at handleRequest (/home/dodain/.vscode/extensions/uqbar.wollok-lsp-ide-0.3.1/server/node_modules/vscode-jsonrpc/lib/common/connection.js:493:41)\n    at handleMessage (/home/dodain/.vscode/extensions/uqbar.wollok-lsp-ide-0.3.1/server/node_modules/vscode-jsonrpc/lib/common/connection.js:339:13)\n    at processMessageQueue (/home/dodain/.vscode/extensions/uqbar.wollok-lsp-ide-0.3.1/server/node_modules/vscode-jsonrpc/lib/common/connection.js:362:17)\n    at Immediate._onImmediate (/home/dodain/.vscode/extensions/uqbar.wollok-lsp-ide-0.3.1/server/node_modules/vscode-jsonrpc/lib/common/connection.js:334:13)\n    at process.processImmediate (node:internal/timers:476:21)","timestamp":"2024-05-23T01:16:04.656Z"}
{"level":"error","message":"✘ Completions for node failed: Error: [If]{e82b52} at pgmProgram.wpgm:26 exhausted all cases without a match [If]{e82b52} at pgmProgram.wpgm:26 exhausted all cases without a match","stack":"Error: [If]{e82b52} at pgmProgram.wpgm:26 exhausted all cases without a match\n    at /home/dodain/.vscode/extensions/uqbar.wollok-lsp-ide-0.3.1/node_modules/wollok-ts/dist/extensions.js:85:11\n    at completionsForNode (/home/dodain/.vscode/extensions/uqbar.wollok-lsp-ide-0.3.1/server/out/functionalities/autocomplete/node-completion.js:10:44)\n    at completeForParent (/home/dodain/.vscode/extensions/uqbar.wollok-lsp-ide-0.3.1/server/out/functionalities/autocomplete/node-completion.js:50:43)\n    at completeBody (/home/dodain/.vscode/extensions/uqbar.wollok-lsp-ide-0.3.1/server/out/functionalities/autocomplete/node-completion.js:36:62)\n    at /home/dodain/.vscode/extensions/uqbar.wollok-lsp-ide-0.3.1/node_modules/wollok-ts/dist/extensions.js:84:20\n    at completionsForNode (/home/dodain/.vscode/extensions/uqbar.wollok-lsp-ide-0.3.1/server/out/functionalities/autocomplete/node-completion.js:10:44)\n    at completeForParent (/home/dodain/.vscode/extensions/uqbar.wollok-lsp-ide-0.3.1/server/out/functionalities/autocomplete/node-completion.js:50:43)\n    at completionsForNode (/home/dodain/.vscode/extensions/uqbar.wollok-lsp-ide-0.3.1/server/out/functionalities/autocomplete/node-completion.js:14:46)\n    at /home/dodain/.vscode/extensions/uqbar.wollok-lsp-ide-0.3.1/server/out/functionalities/autocomplete/autocomplete.js:22:154\n    at /home/dodain/.vscode/extensions/uqbar.wollok-lsp-ide-0.3.1/server/out/server.js:198:20","timestamp":"2024-05-23T01:16:04.657Z"}
{"level":"info","message":"onRequest - completionItem/resolve","timestamp":"2024-05-23T01:16:04.733Z"}
{"level":"error","message":"✘ Completions for node failed: Error: [Send]{b79098} at pgmProgram.wpgm:27 exhausted all cases without a match [Send]{b79098} at pgmProgram.wpgm:27 exhausted all cases without a match","stack":"Error: [Send]{b79098} at pgmProgram.wpgm:27 exhausted all cases without a match\n    at /home/dodain/.vscode/extensions/uqbar.wollok-lsp-ide-0.3.1/node_modules/wollok-ts/dist/extensions.js:85:11\n    at completionsForNode (/home/dodain/.vscode/extensions/uqbar.wollok-lsp-ide-0.3.1/server/out/functionalities/autocomplete/node-completion.js:10:44)\n    at /home/dodain/.vscode/extensions/uqbar.wollok-lsp-ide-0.3.1/server/out/functionalities/autocomplete/autocomplete.js:22:154\n    at /home/dodain/.vscode/extensions/uqbar.wollok-lsp-ide-0.3.1/server/out/server.js:198:20\n    at /home/dodain/.vscode/extensions/uqbar.wollok-lsp-ide-0.3.1/server/node_modules/vscode-languageserver/lib/common/server.js:593:20\n    at handleRequest (/home/dodain/.vscode/extensions/uqbar.wollok-lsp-ide-0.3.1/server/node_modules/vscode-jsonrpc/lib/common/connection.js:493:41)\n    at handleMessage (/home/dodain/.vscode/extensions/uqbar.wollok-lsp-ide-0.3.1/server/node_modules/vscode-jsonrpc/lib/common/connection.js:339:13)\n    at processMessageQueue (/home/dodain/.vscode/extensions/uqbar.wollok-lsp-ide-0.3.1/server/node_modules/vscode-jsonrpc/lib/common/connection.js:362:17)\n    at Immediate._onImmediate (/home/dodain/.vscode/extensions/uqbar.wollok-lsp-ide-0.3.1/server/node_modules/vscode-jsonrpc/lib/common/connection.js:334:13)\n    at process.processImmediate (node:internal/timers:476:21)","timestamp":"2024-05-23T01:16:04.805Z"}
{"level":"error","message":"✘ Completions for node failed: Error: [If]{8d8913} at pgmProgram.wpgm:26 exhausted all cases without a match [If]{8d8913} at pgmProgram.wpgm:26 exhausted all cases without a match","stack":"Error: [If]{8d8913} at pgmProgram.wpgm:26 exhausted all cases without a match\n    at /home/dodain/.vscode/extensions/uqbar.wollok-lsp-ide-0.3.1/node_modules/wollok-ts/dist/extensions.js:85:11\n    at completionsForNode (/home/dodain/.vscode/extensions/uqbar.wollok-lsp-ide-0.3.1/server/out/functionalities/autocomplete/node-completion.js:10:44)\n    at completeForParent (/home/dodain/.vscode/extensions/uqbar.wollok-lsp-ide-0.3.1/server/out/functionalities/autocomplete/node-completion.js:50:43)\n    at completeBody (/home/dodain/.vscode/extensions/uqbar.wollok-lsp-ide-0.3.1/server/out/functionalities/autocomplete/node-completion.js:36:62)\n    at /home/dodain/.vscode/extensions/uqbar.wollok-lsp-ide-0.3.1/node_modules/wollok-ts/dist/extensions.js:84:20\n    at completionsForNode (/home/dodain/.vscode/extensions/uqbar.wollok-lsp-ide-0.3.1/server/out/functionalities/autocomplete/node-completion.js:10:44)\n    at completeForParent (/home/dodain/.vscode/extensions/uqbar.wollok-lsp-ide-0.3.1/server/out/functionalities/autocomplete/node-completion.js:50:43)\n    at completionsForNode (/home/dodain/.vscode/extensions/uqbar.wollok-lsp-ide-0.3.1/server/out/functionalities/autocomplete/node-completion.js:14:46)\n    at /home/dodain/.vscode/extensions/uqbar.wollok-lsp-ide-0.3.1/server/out/functionalities/autocomplete/autocomplete.js:22:154\n    at /home/dodain/.vscode/extensions/uqbar.wollok-lsp-ide-0.3.1/server/out/server.js:198:20","timestamp":"2024-05-23T01:16:04.805Z"}
{"level":"error","message":"✘ Completions for node failed: Error: [Send]{ee24a0} at pgmProgram.wpgm:27 exhausted all cases without a match [Send]{ee24a0} at pgmProgram.wpgm:27 exhausted all cases without a match","stack":"Error: [Send]{ee24a0} at pgmProgram.wpgm:27 exhausted all cases without a match\n    at /home/dodain/.vscode/extensions/uqbar.wollok-lsp-ide-0.3.1/node_modules/wollok-ts/dist/extensions.js:85:11\n    at completionsForNode (/home/dodain/.vscode/extensions/uqbar.wollok-lsp-ide-0.3.1/server/out/functionalities/autocomplete/node-completion.js:10:44)\n    at /home/dodain/.vscode/extensions/uqbar.wollok-lsp-ide-0.3.1/server/out/functionalities/autocomplete/autocomplete.js:22:154\n    at /home/dodain/.vscode/extensions/uqbar.wollok-lsp-ide-0.3.1/server/out/server.js:198:20\n    at /home/dodain/.vscode/extensions/uqbar.wollok-lsp-ide-0.3.1/server/node_modules/vscode-languageserver/lib/common/server.js:593:20\n    at handleRequest (/home/dodain/.vscode/extensions/uqbar.wollok-lsp-ide-0.3.1/server/node_modules/vscode-jsonrpc/lib/common/connection.js:493:41)\n    at handleMessage (/home/dodain/.vscode/extensions/uqbar.wollok-lsp-ide-0.3.1/server/node_modules/vscode-jsonrpc/lib/common/connection.js:339:13)\n    at processMessageQueue (/home/dodain/.vscode/extensions/uqbar.wollok-lsp-ide-0.3.1/server/node_modules/vscode-jsonrpc/lib/common/connection.js:362:17)\n    at Immediate._onImmediate (/home/dodain/.vscode/extensions/uqbar.wollok-lsp-ide-0.3.1/server/node_modules/vscode-jsonrpc/lib/common/connection.js:334:13)\n    at process.processImmediate (node:internal/timers:476:21)","timestamp":"2024-05-23T01:16:05.054Z"}
{"level":"error","message":"✘ Completions for node failed: Error: [If]{7bf30d} at pgmProgram.wpgm:26 exhausted all cases without a match [If]{7bf30d} at pgmProgram.wpgm:26 exhausted all cases without a match","stack":"Error: [If]{7bf30d} at pgmProgram.wpgm:26 exhausted all cases without a match\n    at /home/dodain/.vscode/extensions/uqbar.wollok-lsp-ide-0.3.1/node_modules/wollok-ts/dist/extensions.js:85:11\n    at completionsForNode (/home/dodain/.vscode/extensions/uqbar.wollok-lsp-ide-0.3.1/server/out/functionalities/autocomplete/node-completion.js:10:44)\n    at completeForParent (/home/dodain/.vscode/extensions/uqbar.wollok-lsp-ide-0.3.1/server/out/functionalities/autocomplete/node-completion.js:50:43)\n    at completeBody (/home/dodain/.vscode/extensions/uqbar.wollok-lsp-ide-0.3.1/server/out/functionalities/autocomplete/node-completion.js:36:62)\n    at /home/dodain/.vscode/extensions/uqbar.wollok-lsp-ide-0.3.1/node_modules/wollok-ts/dist/extensions.js:84:20\n    at completionsForNode (/home/dodain/.vscode/extensions/uqbar.wollok-lsp-ide-0.3.1/server/out/functionalities/autocomplete/node-completion.js:10:44)\n    at completeForParent (/home/dodain/.vscode/extensions/uqbar.wollok-lsp-ide-0.3.1/server/out/functionalities/autocomplete/node-completion.js:50:43)\n    at completionsForNode (/home/dodain/.vscode/extensions/uqbar.wollok-lsp-ide-0.3.1/server/out/functionalities/autocomplete/node-completion.js:14:46)\n    at /home/dodain/.vscode/extensions/uqbar.wollok-lsp-ide-0.3.1/server/out/functionalities/autocomplete/autocomplete.js:22:154\n    at /home/dodain/.vscode/extensions/uqbar.wollok-lsp-ide-0.3.1/server/out/server.js:198:20","timestamp":"2024-05-23T01:16:05.055Z"}
{"level":"error","message":"✘ Completions for node failed: Error: [Send]{c0660d} at pgmProgram.wpgm:27 exhausted all cases without a match [Send]{c0660d} at pgmProgram.wpgm:27 exhausted all cases without a match","stack":"Error: [Send]{c0660d} at pgmProgram.wpgm:27 exhausted all cases without a match\n    at /home/dodain/.vscode/extensions/uqbar.wollok-lsp-ide-0.3.1/node_modules/wollok-ts/dist/extensions.js:85:11\n    at completionsForNode (/home/dodain/.vscode/extensions/uqbar.wollok-lsp-ide-0.3.1/server/out/functionalities/autocomplete/node-completion.js:10:44)\n    at completeForParent (/home/dodain/.vscode/extensions/uqbar.wollok-lsp-ide-0.3.1/server/out/functionalities/autocomplete/node-completion.js:50:43)\n    at completeReference (/home/dodain/.vscode/extensions/uqbar.wollok-lsp-ide-0.3.1/server/out/functionalities/autocomplete/node-completion.js:58:135)\n    at /home/dodain/.vscode/extensions/uqbar.wollok-lsp-ide-0.3.1/node_modules/wollok-ts/dist/extensions.js:84:20\n    at completionsForNode (/home/dodain/.vscode/extensions/uqbar.wollok-lsp-ide-0.3.1/server/out/functionalities/autocomplete/node-completion.js:10:44)\n    at /home/dodain/.vscode/extensions/uqbar.wollok-lsp-ide-0.3.1/server/out/functionalities/autocomplete/autocomplete.js:22:154\n    at /home/dodain/.vscode/extensions/uqbar.wollok-lsp-ide-0.3.1/server/out/server.js:198:20\n    at /home/dodain/.vscode/extensions/uqbar.wollok-lsp-ide-0.3.1/server/node_modules/vscode-languageserver/lib/common/server.js:593:20\n    at handleRequest (/home/dodain/.vscode/extensions/uqbar.wollok-lsp-ide-0.3.1/server/node_modules/vscode-jsonrpc/lib/common/connection.js:493:41)","timestamp":"2024-05-23T01:16:08.067Z"}
{"level":"error","message":"✘ Completions for node failed: Error: [If]{47d252} at pgmProgram.wpgm:26 exhausted all cases without a match [If]{47d252} at pgmProgram.wpgm:26 exhausted all cases without a match","stack":"Error: [If]{47d252} at pgmProgram.wpgm:26 exhausted all cases without a match\n    at /home/dodain/.vscode/extensions/uqbar.wollok-lsp-ide-0.3.1/node_modules/wollok-ts/dist/extensions.js:85:11\n    at completionsForNode (/home/dodain/.vscode/extensions/uqbar.wollok-lsp-ide-0.3.1/server/out/functionalities/autocomplete/node-completion.js:10:44)\n    at completeForParent (/home/dodain/.vscode/extensions/uqbar.wollok-lsp-ide-0.3.1/server/out/functionalities/autocomplete/node-completion.js:50:43)\n    at completeBody (/home/dodain/.vscode/extensions/uqbar.wollok-lsp-ide-0.3.1/server/out/functionalities/autocomplete/node-completion.js:36:62)\n    at /home/dodain/.vscode/extensions/uqbar.wollok-lsp-ide-0.3.1/node_modules/wollok-ts/dist/extensions.js:84:20\n    at completionsForNode (/home/dodain/.vscode/extensions/uqbar.wollok-lsp-ide-0.3.1/server/out/functionalities/autocomplete/node-completion.js:10:44)\n    at completeForParent (/home/dodain/.vscode/extensions/uqbar.wollok-lsp-ide-0.3.1/server/out/functionalities/autocomplete/node-completion.js:50:43)\n    at completionsForNode (/home/dodain/.vscode/extensions/uqbar.wollok-lsp-ide-0.3.1/server/out/functionalities/autocomplete/node-completion.js:14:46)\n    at completeForParent (/home/dodain/.vscode/extensions/uqbar.wollok-lsp-ide-0.3.1/server/out/functionalities/autocomplete/node-completion.js:50:43)\n    at completeReference (/home/dodain/.vscode/extensions/uqbar.wollok-lsp-ide-0.3.1/server/out/functionalities/autocomplete/node-completion.js:58:135)","timestamp":"2024-05-23T01:16:08.068Z"}
{"level":"info","message":"onRequest - completionItem/resolve","timestamp":"2024-05-23T01:16:08.198Z"}
{"level":"info","message":"onRequest - completionItem/resolve","timestamp":"2024-05-23T01:16:08.295Z"}
{"level":"info","message":"onRequest - completionItem/resolve","timestamp":"2024-05-23T01:16:08.628Z"}
{"level":"error","message":"✘ Completions for node failed: Error: [If]{22ecfe} at pgmProgram.wpgm:26 exhausted all cases without a match [If]{22ecfe} at pgmProgram.wpgm:26 exhausted all cases without a match","stack":"Error: [If]{22ecfe} at pgmProgram.wpgm:26 exhausted all cases without a match\n    at /home/dodain/.vscode/extensions/uqbar.wollok-lsp-ide-0.3.1/node_modules/wollok-ts/dist/extensions.js:85:11\n    at completionsForNode (/home/dodain/.vscode/extensions/uqbar.wollok-lsp-ide-0.3.1/server/out/functionalities/autocomplete/node-completion.js:10:44)\n    at completeForParent (/home/dodain/.vscode/extensions/uqbar.wollok-lsp-ide-0.3.1/server/out/functionalities/autocomplete/node-completion.js:50:43)\n    at completeBody (/home/dodain/.vscode/extensions/uqbar.wollok-lsp-ide-0.3.1/server/out/functionalities/autocomplete/node-completion.js:36:62)\n    at /home/dodain/.vscode/extensions/uqbar.wollok-lsp-ide-0.3.1/node_modules/wollok-ts/dist/extensions.js:84:20\n    at completionsForNode (/home/dodain/.vscode/extensions/uqbar.wollok-lsp-ide-0.3.1/server/out/functionalities/autocomplete/node-completion.js:10:44)\n    at /home/dodain/.vscode/extensions/uqbar.wollok-lsp-ide-0.3.1/server/out/functionalities/autocomplete/autocomplete.js:22:154\n    at /home/dodain/.vscode/extensions/uqbar.wollok-lsp-ide-0.3.1/server/out/server.js:198:20\n    at /home/dodain/.vscode/extensions/uqbar.wollok-lsp-ide-0.3.1/server/node_modules/vscode-languageserver/lib/common/server.js:593:20\n    at handleRequest (/home/dodain/.vscode/extensions/uqbar.wollok-lsp-ide-0.3.1/server/node_modules/vscode-jsonrpc/lib/common/connection.js:493:41)","timestamp":"2024-05-23T01:16:09.802Z"}
{"level":"info","message":"onRequest - completionItem/resolve","timestamp":"2024-05-23T01:16:09.872Z"}
{"level":"info","message":"onRequest - completionItem/resolve","timestamp":"2024-05-23T01:16:09.923Z"}
{"level":"info","message":"onRequest - completionItem/resolve","timestamp":"2024-05-23T01:16:09.980Z"}
{"level":"info","message":"onRequest - completionItem/resolve","timestamp":"2024-05-23T01:16:10.276Z"}
{"level":"info","message":"onRequest - completionItem/resolve","timestamp":"2024-05-23T01:16:10.337Z"}
{"level":"info","message":"onRequest - completionItem/resolve","timestamp":"2024-05-23T01:16:10.390Z"}
{"exitCode":"SIGHUP","level":"info","message":"👾 Game executed pgmProgram.pacmanGame on /home/dodain/workspace/wollok-dev/wollok-workspace/migracion-proyectos/pacmanBasicGame","timeElapsed":63183,"timestamp":"2024-05-23T01:16:23.909Z"}
{"exitCode":0,"level":"info","message":"👾 Game executed pgmProgram.pacmanGame on /home/dodain/workspace/wollok-dev/wollok-workspace/migracion-proyectos/pacmanBasicGame","timeElapsed":9741,"timestamp":"2024-05-23T01:16:37.092Z"}
{"level":"error","message":"✘ Completions for node failed: Error: [If]{2c8726} at pgmProgram.wpgm:27 exhausted all cases without a match [If]{2c8726} at pgmProgram.wpgm:27 exhausted all cases without a match","stack":"Error: [If]{2c8726} at pgmProgram.wpgm:27 exhausted all cases without a match\n    at /home/dodain/.vscode/extensions/uqbar.wollok-lsp-ide-0.3.1/node_modules/wollok-ts/dist/extensions.js:85:11\n    at completionsForNode (/home/dodain/.vscode/extensions/uqbar.wollok-lsp-ide-0.3.1/server/out/functionalities/autocomplete/node-completion.js:10:44)\n    at completeForParent (/home/dodain/.vscode/extensions/uqbar.wollok-lsp-ide-0.3.1/server/out/functionalities/autocomplete/node-completion.js:50:43)\n    at completeBody (/home/dodain/.vscode/extensions/uqbar.wollok-lsp-ide-0.3.1/server/out/functionalities/autocomplete/node-completion.js:36:62)\n    at /home/dodain/.vscode/extensions/uqbar.wollok-lsp-ide-0.3.1/node_modules/wollok-ts/dist/extensions.js:84:20\n    at completionsForNode (/home/dodain/.vscode/extensions/uqbar.wollok-lsp-ide-0.3.1/server/out/functionalities/autocomplete/node-completion.js:10:44)\n    at completeForParent (/home/dodain/.vscode/extensions/uqbar.wollok-lsp-ide-0.3.1/server/out/functionalities/autocomplete/node-completion.js:50:43)\n    at completeReference (/home/dodain/.vscode/extensions/uqbar.wollok-lsp-ide-0.3.1/server/out/functionalities/autocomplete/node-completion.js:58:135)\n    at /home/dodain/.vscode/extensions/uqbar.wollok-lsp-ide-0.3.1/node_modules/wollok-ts/dist/extensions.js:84:20\n    at completionsForNode (/home/dodain/.vscode/extensions/uqbar.wollok-lsp-ide-0.3.1/server/out/functionalities/autocomplete/node-completion.js:10:44)","timestamp":"2024-05-23T01:16:55.021Z"}
{"level":"info","message":"onRequest - completionItem/resolve","timestamp":"2024-05-23T01:16:55.213Z"}
{"level":"info","message":"onRequest - completionItem/resolve","timestamp":"2024-05-23T01:16:55.299Z"}
{"level":"info","message":"onRequest - completionItem/resolve","timestamp":"2024-05-23T01:16:55.388Z"}
{"level":"info","message":"onRequest - completionItem/resolve","timestamp":"2024-05-23T01:16:55.442Z"}
{"level":"info","message":"onRequest - completionItem/resolve","timestamp":"2024-05-23T01:16:55.805Z"}
{"level":"info","message":"onRequest - completionItem/resolve","timestamp":"2024-05-23T01:16:56.393Z"}
{"level":"info","message":"onRequest - completionItem/resolve","timestamp":"2024-05-23T01:16:56.725Z"}
{"level":"info","message":"onRequest - completionItem/resolve","timestamp":"2024-05-23T01:16:56.865Z"}
{"level":"info","message":"onRequest - completionItem/resolve","timestamp":"2024-05-23T01:16:57.364Z"}
{"level":"info","message":"onRequest - completionItem/resolve","timestamp":"2024-05-23T01:16:57.394Z"}
{"level":"info","message":"onRequest - completionItem/resolve","timestamp":"2024-05-23T01:16:57.424Z"}
{"level":"info","message":"onRequest - completionItem/resolve","timestamp":"2024-05-23T01:16:57.456Z"}
{"level":"info","message":"onRequest - completionItem/resolve","timestamp":"2024-05-23T01:16:57.487Z"}
{"level":"info","message":"onRequest - completionItem/resolve","timestamp":"2024-05-23T01:16:57.518Z"}
{"level":"info","message":"onRequest - completionItem/resolve","timestamp":"2024-05-23T01:16:57.548Z"}
{"level":"info","message":"onRequest - completionItem/resolve","timestamp":"2024-05-23T01:16:57.579Z"}
{"level":"info","message":"onRequest - completionItem/resolve","timestamp":"2024-05-23T01:16:57.610Z"}
{"level":"info","message":"onRequest - completionItem/resolve","timestamp":"2024-05-23T01:16:57.641Z"}
{"level":"info","message":"onRequest - completionItem/resolve","timestamp":"2024-05-23T01:16:57.672Z"}
{"level":"info","message":"onRequest - completionItem/resolve","timestamp":"2024-05-23T01:16:57.701Z"}
{"level":"info","message":"onRequest - completionItem/resolve","timestamp":"2024-05-23T01:16:57.731Z"}
{"level":"info","message":"onRequest - completionItem/resolve","timestamp":"2024-05-23T01:16:57.910Z"}
{"level":"info","message":"onRequest - completionItem/resolve","timestamp":"2024-05-23T01:16:58.095Z"}
{"level":"info","message":"onRequest - completionItem/resolve","timestamp":"2024-05-23T01:16:58.246Z"}
{"level":"info","message":"onRequest - completionItem/resolve","timestamp":"2024-05-23T01:16:58.420Z"}
{"level":"info","message":"onRequest - completionItem/resolve","timestamp":"2024-05-23T01:16:59.561Z"}
{"level":"info","message":"onRequest - completionItem/resolve","timestamp":"2024-05-23T01:16:59.722Z"}
{"level":"info","message":"onRequest - completionItem/resolve","timestamp":"2024-05-23T01:16:59.890Z"}
{"level":"info","message":"onRequest - completionItem/resolve","timestamp":"2024-05-23T01:17:03.107Z"}
{"level":"info","message":"onRequest - completionItem/resolve","timestamp":"2024-05-23T01:17:03.278Z"}
{"level":"info","message":"onRequest - completionItem/resolve","timestamp":"2024-05-23T01:17:03.444Z"}
{"level":"info","message":"onRequest - completionItem/resolve","timestamp":"2024-05-23T01:17:03.613Z"}
{"level":"info","message":"onRequest - completionItem/resolve","timestamp":"2024-05-23T01:17:03.785Z"}
{"level":"info","message":"onRequest - completionItem/resolve","timestamp":"2024-05-23T01:17:03.956Z"}
{"level":"info","message":"onRequest - completionItem/resolve","timestamp":"2024-05-23T01:17:04.125Z"}
{"level":"info","message":"onRequest - completionItem/resolve","timestamp":"2024-05-23T01:17:04.298Z"}
{"level":"info","message":"onRequest - completionItem/resolve","timestamp":"2024-05-23T01:17:04.464Z"}
{"level":"info","message":"onRequest - completionItem/resolve","timestamp":"2024-05-23T01:17:04.645Z"}
{"level":"info","message":"onRequest - completionItem/resolve","timestamp":"2024-05-23T01:17:04.811Z"}
{"level":"info","message":"onRequest - completionItem/resolve","timestamp":"2024-05-23T01:17:05.007Z"}
{"level":"info","message":"onRequest - completionItem/resolve","timestamp":"2024-05-23T01:17:05.176Z"}
{"level":"info","message":"onRequest - completionItem/resolve","timestamp":"2024-05-23T01:17:05.338Z"}
{"level":"info","message":"onRequest - completionItem/resolve","timestamp":"2024-05-23T01:17:05.510Z"}
{"level":"info","message":"onRequest - completionItem/resolve","timestamp":"2024-05-23T01:17:05.686Z"}
{"level":"info","message":"onRequest - completionItem/resolve","timestamp":"2024-05-23T01:17:05.857Z"}
{"level":"info","message":"onRequest - completionItem/resolve","timestamp":"2024-05-23T01:17:06.029Z"}
{"level":"info","message":"onRequest - completionItem/resolve","timestamp":"2024-05-23T01:17:06.203Z"}
{"level":"info","message":"onRequest - completionItem/resolve","timestamp":"2024-05-23T01:17:06.387Z"}
{"level":"info","message":"onRequest - completionItem/resolve","timestamp":"2024-05-23T01:17:06.568Z"}
{"level":"info","message":"onRequest - completionItem/resolve","timestamp":"2024-05-23T01:17:06.755Z"}
{"level":"info","message":"onRequest - completionItem/resolve","timestamp":"2024-05-23T01:17:06.963Z"}
{"level":"info","message":"onRequest - completionItem/resolve","timestamp":"2024-05-23T01:17:07.168Z"}
{"level":"info","message":"onRequest - completionItem/resolve","timestamp":"2024-05-23T01:17:07.387Z"}
{"level":"info","message":"onRequest - completionItem/resolve","timestamp":"2024-05-23T01:17:07.542Z"}
{"level":"info","message":"onRequest - completionItem/resolve","timestamp":"2024-05-23T01:17:08.042Z"}
{"level":"info","message":"onRequest - completionItem/resolve","timestamp":"2024-05-23T01:17:08.073Z"}
{"level":"info","message":"onRequest - completionItem/resolve","timestamp":"2024-05-23T01:17:08.105Z"}
{"level":"info","message":"onRequest - completionItem/resolve","timestamp":"2024-05-23T01:17:08.136Z"}
{"level":"info","message":"onRequest - completionItem/resolve","timestamp":"2024-05-23T01:17:08.166Z"}
{"level":"info","message":"onRequest - completionItem/resolve","timestamp":"2024-05-23T01:17:08.195Z"}
{"level":"info","message":"onRequest - completionItem/resolve","timestamp":"2024-05-23T01:17:08.224Z"}
{"level":"info","message":"onRequest - completionItem/resolve","timestamp":"2024-05-23T01:17:08.266Z"}
{"level":"info","message":"onRequest - completionItem/resolve","timestamp":"2024-05-23T01:17:08.287Z"}
{"level":"info","message":"onRequest - completionItem/resolve","timestamp":"2024-05-23T01:17:08.316Z"}
{"level":"info","message":"onRequest - completionItem/resolve","timestamp":"2024-05-23T01:17:08.349Z"}
{"level":"info","message":"onRequest - completionItem/resolve","timestamp":"2024-05-23T01:17:08.376Z"}
{"level":"info","message":"onRequest - completionItem/resolve","timestamp":"2024-05-23T01:17:08.407Z"}
{"level":"info","message":"onRequest - completionItem/resolve","timestamp":"2024-05-23T01:17:08.440Z"}
{"level":"info","message":"onRequest - completionItem/resolve","timestamp":"2024-05-23T01:17:08.470Z"}
{"level":"info","message":"onRequest - completionItem/resolve","timestamp":"2024-05-23T01:17:08.501Z"}
{"level":"info","message":"onRequest - completionItem/resolve","timestamp":"2024-05-23T01:17:08.530Z"}
{"level":"info","message":"onRequest - completionItem/resolve","timestamp":"2024-05-23T01:17:08.560Z"}
{"level":"info","message":"onRequest - completionItem/resolve","timestamp":"2024-05-23T01:17:08.824Z"}
{"level":"info","message":"onRequest - completionItem/resolve","timestamp":"2024-05-23T01:17:09.696Z"}
{"level":"info","message":"onRequest - completionItem/resolve","timestamp":"2024-05-23T01:17:10.197Z"}
{"level":"info","message":"onRequest - completionItem/resolve","timestamp":"2024-05-23T01:17:10.226Z"}
{"level":"info","message":"onRequest - completionItem/resolve","timestamp":"2024-05-23T01:17:10.256Z"}
{"level":"info","message":"onRequest - completionItem/resolve","timestamp":"2024-05-23T01:17:10.285Z"}
{"level":"info","message":"onRequest - completionItem/resolve","timestamp":"2024-05-23T01:17:10.316Z"}
{"level":"info","message":"onRequest - completionItem/resolve","timestamp":"2024-05-23T01:17:10.347Z"}
{"level":"info","message":"onRequest - completionItem/resolve","timestamp":"2024-05-23T01:17:10.376Z"}
{"level":"info","message":"onRequest - completionItem/resolve","timestamp":"2024-05-23T01:17:10.740Z"}
{"level":"info","message":"onRequest - completionItem/resolve","timestamp":"2024-05-23T01:17:10.876Z"}
{"level":"info","message":"onRequest - completionItem/resolve","timestamp":"2024-05-23T01:17:11.396Z"}
{"level":"info","message":"onRequest - completionItem/resolve","timestamp":"2024-05-23T01:17:11.896Z"}
{"level":"info","message":"onRequest - completionItem/resolve","timestamp":"2024-05-23T01:17:11.927Z"}
{"level":"info","message":"onRequest - completionItem/resolve","timestamp":"2024-05-23T01:17:11.957Z"}
{"level":"info","message":"onRequest - completionItem/resolve","timestamp":"2024-05-23T01:17:11.988Z"}
{"level":"info","message":"onRequest - completionItem/resolve","timestamp":"2024-05-23T01:17:12.019Z"}
{"level":"info","message":"onRequest - completionItem/resolve","timestamp":"2024-05-23T01:17:12.055Z"}
{"level":"info","message":"onRequest - completionItem/resolve","timestamp":"2024-05-23T01:17:12.078Z"}
{"level":"info","message":"onRequest - completionItem/resolve","timestamp":"2024-05-23T01:17:12.109Z"}
{"level":"info","message":"onRequest - completionItem/resolve","timestamp":"2024-05-23T01:17:12.142Z"}
{"level":"info","message":"onRequest - completionItem/resolve","timestamp":"2024-05-23T01:17:12.172Z"}
{"level":"info","message":"onRequest - completionItem/resolve","timestamp":"2024-05-23T01:17:12.203Z"}
{"level":"info","message":"onRequest - completionItem/resolve","timestamp":"2024-05-23T01:17:12.234Z"}
{"level":"info","message":"onRequest - completionItem/resolve","timestamp":"2024-05-23T01:17:12.264Z"}
{"level":"info","message":"onRequest - completionItem/resolve","timestamp":"2024-05-23T01:17:12.294Z"}
{"level":"info","message":"onRequest - completionItem/resolve","timestamp":"2024-05-23T01:17:12.323Z"}
{"level":"info","message":"onRequest - completionItem/resolve","timestamp":"2024-05-23T01:17:12.373Z"}
{"level":"info","message":"onRequest - completionItem/resolve","timestamp":"2024-05-23T01:17:12.383Z"}
{"level":"info","message":"onRequest - completionItem/resolve","timestamp":"2024-05-23T01:17:12.414Z"}
{"level":"info","message":"onRequest - completionItem/resolve","timestamp":"2024-05-23T01:17:12.445Z"}
{"level":"info","message":"onRequest - completionItem/resolve","timestamp":"2024-05-23T01:17:12.476Z"}
{"level":"info","message":"onRequest - completionItem/resolve","timestamp":"2024-05-23T01:17:12.506Z"}
{"level":"info","message":"onRequest - completionItem/resolve","timestamp":"2024-05-23T01:17:12.537Z"}
{"level":"info","message":"onRequest - completionItem/resolve","timestamp":"2024-05-23T01:17:12.575Z"}
{"level":"info","message":"onRequest - completionItem/resolve","timestamp":"2024-05-23T01:17:12.596Z"}
{"level":"info","message":"onRequest - completionItem/resolve","timestamp":"2024-05-23T01:17:12.635Z"}
{"level":"info","message":"onRequest - completionItem/resolve","timestamp":"2024-05-23T01:17:12.672Z"}
{"level":"info","message":"onRequest - completionItem/resolve","timestamp":"2024-05-23T01:17:12.710Z"}
{"level":"info","message":"onRequest - completionItem/resolve","timestamp":"2024-05-23T01:17:12.719Z"}
{"level":"info","message":"onRequest - completionItem/resolve","timestamp":"2024-05-23T01:17:12.750Z"}
{"level":"info","message":"onRequest - completionItem/resolve","timestamp":"2024-05-23T01:17:12.787Z"}
{"level":"info","message":"onRequest - completionItem/resolve","timestamp":"2024-05-23T01:17:12.811Z"}
{"level":"info","message":"onRequest - completionItem/resolve","timestamp":"2024-05-23T01:17:12.997Z"}
{"level":"info","message":"onRequest - completionItem/resolve","timestamp":"2024-05-23T01:17:13.498Z"}
{"level":"info","message":"onRequest - completionItem/resolve","timestamp":"2024-05-23T01:17:13.527Z"}
{"level":"info","message":"onRequest - completionItem/resolve","timestamp":"2024-05-23T01:17:13.558Z"}
{"level":"info","message":"onRequest - completionItem/resolve","timestamp":"2024-05-23T01:17:13.588Z"}
{"level":"info","message":"onRequest - completionItem/resolve","timestamp":"2024-05-23T01:17:13.618Z"}
{"level":"info","message":"onRequest - completionItem/resolve","timestamp":"2024-05-23T01:17:13.650Z"}
{"level":"info","message":"onRequest - completionItem/resolve","timestamp":"2024-05-23T01:17:13.679Z"}
{"level":"info","message":"onRequest - completionItem/resolve","timestamp":"2024-05-23T01:17:13.708Z"}
{"level":"info","message":"onRequest - completionItem/resolve","timestamp":"2024-05-23T01:17:13.739Z"}
{"level":"info","message":"onRequest - completionItem/resolve","timestamp":"2024-05-23T01:17:13.770Z"}
{"level":"info","message":"onRequest - completionItem/resolve","timestamp":"2024-05-23T01:17:13.801Z"}
{"level":"info","message":"onRequest - completionItem/resolve","timestamp":"2024-05-23T01:17:13.832Z"}
{"level":"info","message":"onRequest - completionItem/resolve","timestamp":"2024-05-23T01:17:13.862Z"}
{"level":"info","message":"onRequest - completionItem/resolve","timestamp":"2024-05-23T01:17:13.892Z"}
{"level":"info","message":"onRequest - completionItem/resolve","timestamp":"2024-05-23T01:17:13.922Z"}
{"level":"info","message":"onRequest - completionItem/resolve","timestamp":"2024-05-23T01:17:13.951Z"}
{"level":"info","message":"onRequest - completionItem/resolve","timestamp":"2024-05-23T01:17:13.981Z"}
{"level":"info","message":"onRequest - completionItem/resolve","timestamp":"2024-05-23T01:17:14.012Z"}
{"level":"info","message":"onRequest - completionItem/resolve","timestamp":"2024-05-23T01:17:14.042Z"}
{"level":"info","message":"onRequest - completionItem/resolve","timestamp":"2024-05-23T01:17:14.072Z"}
{"level":"info","message":"onRequest - completionItem/resolve","timestamp":"2024-05-23T01:17:14.103Z"}
{"level":"info","message":"onRequest - completionItem/resolve","timestamp":"2024-05-23T01:17:14.134Z"}
{"level":"info","message":"onRequest - completionItem/resolve","timestamp":"2024-05-23T01:17:14.164Z"}
{"level":"info","message":"onRequest - completionItem/resolve","timestamp":"2024-05-23T01:17:14.193Z"}
{"level":"info","message":"onRequest - completionItem/resolve","timestamp":"2024-05-23T01:17:14.225Z"}
{"level":"info","message":"onRequest - completionItem/resolve","timestamp":"2024-05-23T01:17:14.256Z"}
{"level":"info","message":"onRequest - completionItem/resolve","timestamp":"2024-05-23T01:17:14.453Z"}
{"level":"info","message":"onRequest - completionItem/resolve","timestamp":"2024-05-23T01:17:14.951Z"}
{"level":"info","message":"onRequest - completionItem/resolve","timestamp":"2024-05-23T01:17:14.981Z"}
{"level":"info","message":"onRequest - completionItem/resolve","timestamp":"2024-05-23T01:17:15.012Z"}
{"level":"info","message":"onRequest - completionItem/resolve","timestamp":"2024-05-23T01:17:15.041Z"}
{"level":"info","message":"onRequest - completionItem/resolve","timestamp":"2024-05-23T01:17:15.071Z"}
{"level":"info","message":"onRequest - completionItem/resolve","timestamp":"2024-05-23T01:17:15.103Z"}
{"level":"info","message":"onRequest - completionItem/resolve","timestamp":"2024-05-23T01:17:15.134Z"}
{"level":"info","message":"onRequest - completionItem/resolve","timestamp":"2024-05-23T01:17:15.165Z"}
{"level":"info","message":"onRequest - completionItem/resolve","timestamp":"2024-05-23T01:17:15.196Z"}
{"level":"info","message":"onRequest - completionItem/resolve","timestamp":"2024-05-23T01:17:15.226Z"}
{"level":"info","message":"onRequest - completionItem/resolve","timestamp":"2024-05-23T01:17:15.255Z"}
{"level":"info","message":"onRequest - completionItem/resolve","timestamp":"2024-05-23T01:17:15.284Z"}
{"level":"info","message":"onRequest - completionItem/resolve","timestamp":"2024-05-23T01:17:15.315Z"}
{"level":"info","message":"onRequest - completionItem/resolve","timestamp":"2024-05-23T01:17:15.346Z"}
{"level":"info","message":"onRequest - completionItem/resolve","timestamp":"2024-05-23T01:17:15.374Z"}
{"level":"info","message":"onRequest - completionItem/resolve","timestamp":"2024-05-23T01:17:15.404Z"}
{"level":"info","message":"onRequest - completionItem/resolve","timestamp":"2024-05-23T01:17:15.436Z"}
{"level":"info","message":"onRequest - completionItem/resolve","timestamp":"2024-05-23T01:17:15.464Z"}
{"level":"info","message":"onRequest - completionItem/resolve","timestamp":"2024-05-23T01:17:15.497Z"}
{"level":"info","message":"onRequest - completionItem/resolve","timestamp":"2024-05-23T01:17:15.529Z"}
{"level":"info","message":"onRequest - completionItem/resolve","timestamp":"2024-05-23T01:17:15.558Z"}
{"level":"info","message":"onRequest - completionItem/resolve","timestamp":"2024-05-23T01:17:15.617Z"}
{"level":"info","message":"onRequest - completionItem/resolve","timestamp":"2024-05-23T01:17:15.622Z"}
{"level":"info","message":"onRequest - completionItem/resolve","timestamp":"2024-05-23T01:17:15.649Z"}
{"level":"info","message":"onRequest - completionItem/resolve","timestamp":"2024-05-23T01:17:15.679Z"}
{"level":"info","message":"onRequest - completionItem/resolve","timestamp":"2024-05-23T01:17:15.710Z"}
{"level":"info","message":"onRequest - completionItem/resolve","timestamp":"2024-05-23T01:17:15.740Z"}
{"level":"info","message":"onRequest - completionItem/resolve","timestamp":"2024-05-23T01:17:15.770Z"}
{"level":"info","message":"onRequest - completionItem/resolve","timestamp":"2024-05-23T01:17:15.800Z"}
{"level":"info","message":"onRequest - completionItem/resolve","timestamp":"2024-05-23T01:17:15.834Z"}
{"level":"info","message":"onRequest - completionItem/resolve","timestamp":"2024-05-23T01:17:15.863Z"}
{"level":"info","message":"onRequest - completionItem/resolve","timestamp":"2024-05-23T01:17:15.892Z"}
{"level":"info","message":"onRequest - completionItem/resolve","timestamp":"2024-05-23T01:17:15.923Z"}
{"level":"info","message":"onRequest - completionItem/resolve","timestamp":"2024-05-23T01:17:15.951Z"}
{"level":"info","message":"onRequest - completionItem/resolve","timestamp":"2024-05-23T01:17:15.983Z"}
{"level":"info","message":"onRequest - completionItem/resolve","timestamp":"2024-05-23T01:17:16.015Z"}
{"level":"info","message":"onRequest - completionItem/resolve","timestamp":"2024-05-23T01:17:16.045Z"}
{"level":"info","message":"onRequest - completionItem/resolve","timestamp":"2024-05-23T01:17:16.073Z"}
{"level":"info","message":"onRequest - completionItem/resolve","timestamp":"2024-05-23T01:17:16.103Z"}
{"level":"info","message":"onRequest - completionItem/resolve","timestamp":"2024-05-23T01:17:16.134Z"}
{"level":"info","message":"onRequest - completionItem/resolve","timestamp":"2024-05-23T01:17:16.164Z"}
{"level":"info","message":"onRequest - completionItem/resolve","timestamp":"2024-05-23T01:17:16.194Z"}
{"level":"info","message":"onRequest - completionItem/resolve","timestamp":"2024-05-23T01:17:16.224Z"}
{"level":"info","message":"onRequest - completionItem/resolve","timestamp":"2024-05-23T01:17:16.254Z"}
{"level":"info","message":"onRequest - completionItem/resolve","timestamp":"2024-05-23T01:17:16.285Z"}
{"level":"info","message":"onRequest - completionItem/resolve","timestamp":"2024-05-23T01:17:16.316Z"}
{"level":"info","message":"onRequest - completionItem/resolve","timestamp":"2024-05-23T01:17:16.347Z"}
{"level":"info","message":"onRequest - completionItem/resolve","timestamp":"2024-05-23T01:17:16.375Z"}
{"level":"info","message":"onRequest - completionItem/resolve","timestamp":"2024-05-23T01:17:16.405Z"}
{"level":"info","message":"onRequest - completionItem/resolve","timestamp":"2024-05-23T01:17:16.441Z"}
{"level":"info","message":"onRequest - completionItem/resolve","timestamp":"2024-05-23T01:17:16.468Z"}
{"level":"info","message":"onRequest - completionItem/resolve","timestamp":"2024-05-23T01:17:16.495Z"}
{"level":"info","message":"onRequest - completionItem/resolve","timestamp":"2024-05-23T01:17:16.526Z"}
{"level":"info","message":"onRequest - completionItem/resolve","timestamp":"2024-05-23T01:17:16.555Z"}
{"level":"info","message":"onRequest - completionItem/resolve","timestamp":"2024-05-23T01:17:16.585Z"}
{"level":"info","message":"onRequest - completionItem/resolve","timestamp":"2024-05-23T01:17:16.615Z"}
{"level":"info","message":"onRequest - completionItem/resolve","timestamp":"2024-05-23T01:17:16.645Z"}
{"level":"info","message":"onRequest - completionItem/resolve","timestamp":"2024-05-23T01:17:16.677Z"}
{"level":"info","message":"onRequest - completionItem/resolve","timestamp":"2024-05-23T01:17:16.708Z"}
{"level":"info","message":"onRequest - completionItem/resolve","timestamp":"2024-05-23T01:17:16.738Z"}
{"level":"info","message":"onRequest - completionItem/resolve","timestamp":"2024-05-23T01:17:16.768Z"}
{"level":"info","message":"onRequest - completionItem/resolve","timestamp":"2024-05-23T01:17:16.798Z"}
{"level":"info","message":"onRequest - completionItem/resolve","timestamp":"2024-05-23T01:17:16.828Z"}
{"level":"info","message":"onRequest - completionItem/resolve","timestamp":"2024-05-23T01:17:16.871Z"}
{"level":"info","message":"onRequest - completionItem/resolve","timestamp":"2024-05-23T01:17:16.891Z"}
{"level":"info","message":"onRequest - completionItem/resolve","timestamp":"2024-05-23T01:17:16.924Z"}
{"level":"info","message":"onRequest - completionItem/resolve","timestamp":"2024-05-23T01:17:16.952Z"}
{"level":"info","message":"onRequest - completionItem/resolve","timestamp":"2024-05-23T01:17:16.983Z"}
{"level":"info","message":"onRequest - completionItem/resolve","timestamp":"2024-05-23T01:17:17.013Z"}
{"level":"info","message":"onRequest - completionItem/resolve","timestamp":"2024-05-23T01:17:18.357Z"}
{"level":"info","message":"onRequest - completionItem/resolve","timestamp":"2024-05-23T01:17:18.555Z"}
{"level":"info","message":"onRequest - completionItem/resolve","timestamp":"2024-05-23T01:17:20.879Z"}
{"level":"info","message":"onRequest - completionItem/resolve","timestamp":"2024-05-23T01:17:21.070Z"}
{"level":"info","message":"onRequest - completionItem/resolve","timestamp":"2024-05-23T01:17:21.234Z"}
{"exitCode":0,"level":"info","message":"👾 Game executed pgmProgram.pacmanGame on /home/dodain/workspace/wollok-dev/wollok-workspace/migracion-proyectos/pacmanBasicGame","timeElapsed":14570,"timestamp":"2024-05-23T01:17:59.473Z"}
{"exitCode":0,"level":"info","message":"👾 Game executed pgmProgram.pacmanGame on /home/dodain/workspace/wollok-dev/wollok-workspace/migracion-proyectos/pacmanBasicGame","timeElapsed":14187,"timestamp":"2024-05-23T01:18:28.756Z"}
{"exitCode":0,"level":"info","message":"👾 Game executed pgmProgram.pacmanGame on /home/dodain/workspace/wollok-dev/wollok-workspace/migracion-proyectos/pacmanBasicGame","timeElapsed":17239,"timestamp":"2024-05-23T01:26:22.364Z"}
{"exitCode":0,"level":"info","message":"👾 Game executed pgmProgram.pacmanGame on /home/dodain/workspace/wollok-dev/wollok-workspace/migracion-proyectos/pacmanBasicGame","timeElapsed":12994,"timestamp":"2024-05-23T01:26:41.557Z"}
{"level":"info","message":"⌛ Building environment","timeElapsed":182,"timestamp":"2024-05-24T00:27:32.394Z"}
{"level":"info","message":"onRequest - WORKSPACE_URI:file:///home/dodain/workspace/wollok-dev/wollok-workspace/migracion-proyectos/pacmanBasicGame","timestamp":"2024-05-24T00:27:32.396Z"}
{"level":"info","message":"⌛ Building environment","timeElapsed":106,"timestamp":"2024-05-24T00:27:32.503Z"}
{"exitCode":0,"level":"info","message":"👾 Game executed pgmProgram.pacmanGame on /home/dodain/workspace/wollok-dev/wollok-workspace/migracion-proyectos/pacmanBasicGame","timeElapsed":209749,"timestamp":"2024-05-24T00:31:06.098Z"}
{"level":"info","message":"onRequest - STRONG_FILES_CHANGED:/home/dodain/workspace/wollok-dev/wollok-workspace/migracion-proyectos/pacmanBasicGame/videos/demo.gif","timestamp":"2024-05-24T00:31:26.245Z"}
{"level":"info","message":"onRequest - WORKSPACE_URI:file:///home/dodain/workspace/wollok-dev/wollok-workspace/migracion-proyectos/pacmanBasicGame","timestamp":"2024-05-24T00:31:26.421Z"}
{"level":"info","message":"Removing diagnostics from /home/dodain/workspace/wollok-dev/wollok-workspace/migracion-proyectos/pacmanBasicGame/videos/demo.gif","timestamp":"2024-05-24T00:31:26.557Z"}
{"level":"info","message":"⌛ Building environment","timeElapsed":148,"timestamp":"2025-10-25T13:30:08.095Z"}
{"level":"info","message":"⌛ Validating pgmProgram.wpgm","timeElapsed":114,"timestamp":"2025-10-25T13:30:08.353Z"}
{"level":"info","message":"⌛ Validating example.wlk","timeElapsed":112,"timestamp":"2025-10-25T13:30:08.555Z"}
{"level":"info","message":"⌛ Validating pgmProgram.wpgm","timeElapsed":105,"timestamp":"2025-10-25T13:30:08.661Z"}
{"level":"info","message":"⌛ Validating pgmProgram.wpgm","timeElapsed":128,"timestamp":"2025-10-25T13:33:33.287Z"}
{"level":"info","message":"⌛ Validating example.wlk","timeElapsed":120,"timestamp":"2025-10-25T13:33:52.456Z"}
{"level":"info","message":"🚀 Program executed \u001b[3m\u001b[34mpgmProgram.pacmanGame\u001b[39m\u001b[23m on \u001b[3m\u001b[34mc:\\Users\\Usuario\\Desktop\\UnaHur\\objetos 1\\proyectosWollok\\pacmanbasicgame-LEsayago\u001b[39m\u001b[23m","ok":true,"timeElapsed":266,"timestamp":"2025-10-25T13:33:55.192Z"}
{"exitCode":"SIGHUP","level":"info","message":"👾 Game executed pgmProgram.pacmanGame on c:\\Users\\Usuario\\Desktop\\UnaHur\\objetos 1\\proyectosWollok\\pacmanbasicgame-LEsayago","timeElapsed":27860,"timestamp":"2025-10-25T13:34:22.785Z"}
{"level":"info","message":"🚀 Program executed \u001b[3m\u001b[34mpgmProgram.pacmanGame\u001b[39m\u001b[23m on \u001b[3m\u001b[34mc:\\Users\\Usuario\\Desktop\\UnaHur\\objetos 1\\proyectosWollok\\pacmanbasicgame-LEsayago\u001b[39m\u001b[23m","ok":true,"timeElapsed":298,"timestamp":"2025-10-25T13:34:24.183Z"}
{"exitCode":0,"level":"info","message":"👾 Game executed pgmProgram.pacmanGame on c:\\Users\\Usuario\\Desktop\\UnaHur\\objetos 1\\proyectosWollok\\pacmanbasicgame-LEsayago","timeElapsed":39787,"timestamp":"2025-10-25T13:35:03.671Z"}
{"level":"info","message":"⌛ Validating pgmProgram.wpgm","timeElapsed":112,"timestamp":"2025-10-25T13:41:08.619Z"}
{"level":"info","message":"⌛ Validating pgmProgram.wpgm","timeElapsed":109,"timestamp":"2025-10-25T13:41:09.418Z"}
{"level":"info","message":"⌛ Validating pgmProgram.wpgm","timeElapsed":107,"timestamp":"2025-10-25T13:41:10.972Z"}
{"level":"info","message":"⌛ Validating pgmProgram.wpgm","timeElapsed":103,"timestamp":"2025-10-25T13:41:11.710Z"}
{"level":"error","message":"✘ Completions for node Send ([32:36, 32:44] - pgmProgram.wpgm) failed: Error: [Send]{19753b} at pgmProgram.wpgm:32 exhausted all cases without a match [Send]{19753b} at pgmProgram.wpgm:32 exhausted all cases without a match","stack":"Error: [Send]{19753b} at pgmProgram.wpgm:32 exhausted all cases without a match\n    at c:\\Users\\Usuario\\.vscode\\extensions\\uqbar.wollok-lsp-ide-0.5.3\\out\\server\\src\\server.js:38:6142\n    at D2 (c:\\Users\\Usuario\\.vscode\\extensions\\uqbar.wollok-lsp-ide-0.5.3\\out\\server\\src\\server.js:2384:42)\n    at Qh (c:\\Users\\Usuario\\.vscode\\extensions\\uqbar.wollok-lsp-ide-0.5.3\\out\\server\\src\\server.js:2384:1092)\n    at k6n (c:\\Users\\Usuario\\.vscode\\extensions\\uqbar.wollok-lsp-ide-0.5.3\\out\\server\\src\\server.js:2384:1248)\n    at c:\\Users\\Usuario\\.vscode\\extensions\\uqbar.wollok-lsp-ide-0.5.3\\out\\server\\src\\server.js:38:6131\n    at D2 (c:\\Users\\Usuario\\.vscode\\extensions\\uqbar.wollok-lsp-ide-0.5.3\\out\\server\\src\\server.js:2384:42)\n    at c:\\Users\\Usuario\\.vscode\\extensions\\uqbar.wollok-lsp-ide-0.5.3\\out\\server\\src\\server.js:2384:2988\n    at c:\\Users\\Usuario\\.vscode\\extensions\\uqbar.wollok-lsp-ide-0.5.3\\out\\server\\src\\server.js:2393:8440\n    at c:\\Users\\Usuario\\.vscode\\extensions\\uqbar.wollok-lsp-ide-0.5.3\\out\\server\\src\\server.js:37:74872\n    at Ye (c:\\Users\\Usuario\\.vscode\\extensions\\uqbar.wollok-lsp-ide-0.5.3\\out\\server\\src\\server.js:7:8527)","timestamp":"2025-10-25T13:42:55.702Z"}
{"level":"error","message":"✘ Completions for node Return (undefined - pgmProgram.wpgm) failed: Error: [Return]{9bbcf6} at pgmProgram.wpgm:-- exhausted all cases without a match [Return]{9bbcf6} at pgmProgram.wpgm:-- exhausted all cases without a match","stack":"Error: [Return]{9bbcf6} at pgmProgram.wpgm:-- exhausted all cases without a match\n    at c:\\Users\\Usuario\\.vscode\\extensions\\uqbar.wollok-lsp-ide-0.5.3\\out\\server\\src\\server.js:38:6142\n    at D2 (c:\\Users\\Usuario\\.vscode\\extensions\\uqbar.wollok-lsp-ide-0.5.3\\out\\server\\src\\server.js:2384:42)\n    at Qh (c:\\Users\\Usuario\\.vscode\\extensions\\uqbar.wollok-lsp-ide-0.5.3\\out\\server\\src\\server.js:2384:1092)\n    at D2 (c:\\Users\\Usuario\\.vscode\\extensions\\uqbar.wollok-lsp-ide-0.5.3\\out\\server\\src\\server.js:2384:544)\n    at Qh (c:\\Users\\Usuario\\.vscode\\extensions\\uqbar.wollok-lsp-ide-0.5.3\\out\\server\\src\\server.js:2384:1092)\n    at k6n (c:\\Users\\Usuario\\.vscode\\extensions\\uqbar.wollok-lsp-ide-0.5.3\\out\\server\\src\\server.js:2384:1248)\n    at c:\\Users\\Usuario\\.vscode\\extensions\\uqbar.wollok-lsp-ide-0.5.3\\out\\server\\src\\server.js:38:6131\n    at D2 (c:\\Users\\Usuario\\.vscode\\extensions\\uqbar.wollok-lsp-ide-0.5.3\\out\\server\\src\\server.js:2384:42)\n    at c:\\Users\\Usuario\\.vscode\\extensions\\uqbar.wollok-lsp-ide-0.5.3\\out\\server\\src\\server.js:2384:2988\n    at c:\\Users\\Usuario\\.vscode\\extensions\\uqbar.wollok-lsp-ide-0.5.3\\out\\server\\src\\server.js:2393:8440","timestamp":"2025-10-25T13:42:55.702Z"}
{"level":"error","message":"✘ Completions for node Send ([33:36, 33:44] - pgmProgram.wpgm) failed: Error: [Send]{97ad7c} at pgmProgram.wpgm:33 exhausted all cases without a match [Send]{97ad7c} at pgmProgram.wpgm:33 exhausted all cases without a match","stack":"Error: [Send]{97ad7c} at pgmProgram.wpgm:33 exhausted all cases without a match\n    at c:\\Users\\Usuario\\.vscode\\extensions\\uqbar.wollok-lsp-ide-0.5.3\\out\\server\\src\\server.js:38:6142\n    at D2 (c:\\Users\\Usuario\\.vscode\\extensions\\uqbar.wollok-lsp-ide-0.5.3\\out\\server\\src\\server.js:2384:42)\n    at Qh (c:\\Users\\Usuario\\.vscode\\extensions\\uqbar.wollok-lsp-ide-0.5.3\\out\\server\\src\\server.js:2384:1092)\n    at k6n (c:\\Users\\Usuario\\.vscode\\extensions\\uqbar.wollok-lsp-ide-0.5.3\\out\\server\\src\\server.js:2384:1248)\n    at c:\\Users\\Usuario\\.vscode\\extensions\\uqbar.wollok-lsp-ide-0.5.3\\out\\server\\src\\server.js:38:6131\n    at D2 (c:\\Users\\Usuario\\.vscode\\extensions\\uqbar.wollok-lsp-ide-0.5.3\\out\\server\\src\\server.js:2384:42)\n    at c:\\Users\\Usuario\\.vscode\\extensions\\uqbar.wollok-lsp-ide-0.5.3\\out\\server\\src\\server.js:2384:2988\n    at c:\\Users\\Usuario\\.vscode\\extensions\\uqbar.wollok-lsp-ide-0.5.3\\out\\server\\src\\server.js:2393:8440\n    at c:\\Users\\Usuario\\.vscode\\extensions\\uqbar.wollok-lsp-ide-0.5.3\\out\\server\\src\\server.js:37:74872\n    at Ye (c:\\Users\\Usuario\\.vscode\\extensions\\uqbar.wollok-lsp-ide-0.5.3\\out\\server\\src\\server.js:7:8527)","timestamp":"2025-10-25T13:43:31.120Z"}
{"level":"error","message":"✘ Completions for node Return (undefined - pgmProgram.wpgm) failed: Error: [Return]{f42886} at pgmProgram.wpgm:-- exhausted all cases without a match [Return]{f42886} at pgmProgram.wpgm:-- exhausted all cases without a match","stack":"Error: [Return]{f42886} at pgmProgram.wpgm:-- exhausted all cases without a match\n    at c:\\Users\\Usuario\\.vscode\\extensions\\uqbar.wollok-lsp-ide-0.5.3\\out\\server\\src\\server.js:38:6142\n    at D2 (c:\\Users\\Usuario\\.vscode\\extensions\\uqbar.wollok-lsp-ide-0.5.3\\out\\server\\src\\server.js:2384:42)\n    at Qh (c:\\Users\\Usuario\\.vscode\\extensions\\uqbar.wollok-lsp-ide-0.5.3\\out\\server\\src\\server.js:2384:1092)\n    at D2 (c:\\Users\\Usuario\\.vscode\\extensions\\uqbar.wollok-lsp-ide-0.5.3\\out\\server\\src\\server.js:2384:544)\n    at Qh (c:\\Users\\Usuario\\.vscode\\extensions\\uqbar.wollok-lsp-ide-0.5.3\\out\\server\\src\\server.js:2384:1092)\n    at k6n (c:\\Users\\Usuario\\.vscode\\extensions\\uqbar.wollok-lsp-ide-0.5.3\\out\\server\\src\\server.js:2384:1248)\n    at c:\\Users\\Usuario\\.vscode\\extensions\\uqbar.wollok-lsp-ide-0.5.3\\out\\server\\src\\server.js:38:6131\n    at D2 (c:\\Users\\Usuario\\.vscode\\extensions\\uqbar.wollok-lsp-ide-0.5.3\\out\\server\\src\\server.js:2384:42)\n    at c:\\Users\\Usuario\\.vscode\\extensions\\uqbar.wollok-lsp-ide-0.5.3\\out\\server\\src\\server.js:2384:2988\n    at c:\\Users\\Usuario\\.vscode\\extensions\\uqbar.wollok-lsp-ide-0.5.3\\out\\server\\src\\server.js:2393:8440","timestamp":"2025-10-25T13:43:31.120Z"}
{"level":"error","message":"✘ Completions for node Send ([33:36, 33:46] - pgmProgram.wpgm) failed: Error: [Send]{45668c} at pgmProgram.wpgm:33 exhausted all cases without a match [Send]{45668c} at pgmProgram.wpgm:33 exhausted all cases without a match","stack":"Error: [Send]{45668c} at pgmProgram.wpgm:33 exhausted all cases without a match\n    at c:\\Users\\Usuario\\.vscode\\extensions\\uqbar.wollok-lsp-ide-0.5.3\\out\\server\\src\\server.js:38:6142\n    at D2 (c:\\Users\\Usuario\\.vscode\\extensions\\uqbar.wollok-lsp-ide-0.5.3\\out\\server\\src\\server.js:2384:42)\n    at c:\\Users\\Usuario\\.vscode\\extensions\\uqbar.wollok-lsp-ide-0.5.3\\out\\server\\src\\server.js:2384:2988\n    at c:\\Users\\Usuario\\.vscode\\extensions\\uqbar.wollok-lsp-ide-0.5.3\\out\\server\\src\\server.js:2393:8440\n    at c:\\Users\\Usuario\\.vscode\\extensions\\uqbar.wollok-lsp-ide-0.5.3\\out\\server\\src\\server.js:37:74872\n    at Ye (c:\\Users\\Usuario\\.vscode\\extensions\\uqbar.wollok-lsp-ide-0.5.3\\out\\server\\src\\server.js:7:8527)\n    at qt (c:\\Users\\Usuario\\.vscode\\extensions\\uqbar.wollok-lsp-ide-0.5.3\\out\\server\\src\\server.js:7:6189)\n    at ot (c:\\Users\\Usuario\\.vscode\\extensions\\uqbar.wollok-lsp-ide-0.5.3\\out\\server\\src\\server.js:7:6378)\n    at Immediate._onImmediate (c:\\Users\\Usuario\\.vscode\\extensions\\uqbar.wollok-lsp-ide-0.5.3\\out\\server\\src\\server.js:7:6142)\n    at process.processImmediate (node:internal/timers:485:21)","timestamp":"2025-10-25T13:43:38.024Z"}
{"level":"error","message":"✘ Completions for node Return (undefined - pgmProgram.wpgm) failed: Error: [Return]{85042f} at pgmProgram.wpgm:-- exhausted all cases without a match [Return]{85042f} at pgmProgram.wpgm:-- exhausted all cases without a match","stack":"Error: [Return]{85042f} at pgmProgram.wpgm:-- exhausted all cases without a match\n    at c:\\Users\\Usuario\\.vscode\\extensions\\uqbar.wollok-lsp-ide-0.5.3\\out\\server\\src\\server.js:38:6142\n    at D2 (c:\\Users\\Usuario\\.vscode\\extensions\\uqbar.wollok-lsp-ide-0.5.3\\out\\server\\src\\server.js:2384:42)\n    at Qh (c:\\Users\\Usuario\\.vscode\\extensions\\uqbar.wollok-lsp-ide-0.5.3\\out\\server\\src\\server.js:2384:1092)\n    at D2 (c:\\Users\\Usuario\\.vscode\\extensions\\uqbar.wollok-lsp-ide-0.5.3\\out\\server\\src\\server.js:2384:544)\n    at c:\\Users\\Usuario\\.vscode\\extensions\\uqbar.wollok-lsp-ide-0.5.3\\out\\server\\src\\server.js:2384:2988\n    at c:\\Users\\Usuario\\.vscode\\extensions\\uqbar.wollok-lsp-ide-0.5.3\\out\\server\\src\\server.js:2393:8440\n    at c:\\Users\\Usuario\\.vscode\\extensions\\uqbar.wollok-lsp-ide-0.5.3\\out\\server\\src\\server.js:37:74872\n    at Ye (c:\\Users\\Usuario\\.vscode\\extensions\\uqbar.wollok-lsp-ide-0.5.3\\out\\server\\src\\server.js:7:8527)\n    at qt (c:\\Users\\Usuario\\.vscode\\extensions\\uqbar.wollok-lsp-ide-0.5.3\\out\\server\\src\\server.js:7:6189)\n    at ot (c:\\Users\\Usuario\\.vscode\\extensions\\uqbar.wollok-lsp-ide-0.5.3\\out\\server\\src\\server.js:7:6378)","timestamp":"2025-10-25T13:43:38.024Z"}
{"level":"error","message":"✘ Completions for node Send ([33:36, 33:47] - pgmProgram.wpgm) failed: Error: [Send]{ec4ec6} at pgmProgram.wpgm:33 exhausted all cases without a match [Send]{ec4ec6} at pgmProgram.wpgm:33 exhausted all cases without a match","stack":"Error: [Send]{ec4ec6} at pgmProgram.wpgm:33 exhausted all cases without a match\n    at c:\\Users\\Usuario\\.vscode\\extensions\\uqbar.wollok-lsp-ide-0.5.3\\out\\server\\src\\server.js:38:6142\n    at D2 (c:\\Users\\Usuario\\.vscode\\extensions\\uqbar.wollok-lsp-ide-0.5.3\\out\\server\\src\\server.js:2384:42)\n    at c:\\Users\\Usuario\\.vscode\\extensions\\uqbar.wollok-lsp-ide-0.5.3\\out\\server\\src\\server.js:2384:2988\n    at c:\\Users\\Usuario\\.vscode\\extensions\\uqbar.wollok-lsp-ide-0.5.3\\out\\server\\src\\server.js:2393:8440\n    at c:\\Users\\Usuario\\.vscode\\extensions\\uqbar.wollok-lsp-ide-0.5.3\\out\\server\\src\\server.js:37:74872\n    at Ye (c:\\Users\\Usuario\\.vscode\\extensions\\uqbar.wollok-lsp-ide-0.5.3\\out\\server\\src\\server.js:7:8527)\n    at qt (c:\\Users\\Usuario\\.vscode\\extensions\\uqbar.wollok-lsp-ide-0.5.3\\out\\server\\src\\server.js:7:6189)\n    at ot (c:\\Users\\Usuario\\.vscode\\extensions\\uqbar.wollok-lsp-ide-0.5.3\\out\\server\\src\\server.js:7:6378)\n    at Immediate._onImmediate (c:\\Users\\Usuario\\.vscode\\extensions\\uqbar.wollok-lsp-ide-0.5.3\\out\\server\\src\\server.js:7:6142)\n    at process.processImmediate (node:internal/timers:485:21)","timestamp":"2025-10-25T13:43:38.186Z"}
{"level":"error","message":"✘ Completions for node Return (undefined - pgmProgram.wpgm) failed: Error: [Return]{8ee3db} at pgmProgram.wpgm:-- exhausted all cases without a match [Return]{8ee3db} at pgmProgram.wpgm:-- exhausted all cases without a match","stack":"Error: [Return]{8ee3db} at pgmProgram.wpgm:-- exhausted all cases without a match\n    at c:\\Users\\Usuario\\.vscode\\extensions\\uqbar.wollok-lsp-ide-0.5.3\\out\\server\\src\\server.js:38:6142\n    at D2 (c:\\Users\\Usuario\\.vscode\\extensions\\uqbar.wollok-lsp-ide-0.5.3\\out\\server\\src\\server.js:2384:42)\n    at Qh (c:\\Users\\Usuario\\.vscode\\extensions\\uqbar.wollok-lsp-ide-0.5.3\\out\\server\\src\\server.js:2384:1092)\n    at D2 (c:\\Users\\Usuario\\.vscode\\extensions\\uqbar.wollok-lsp-ide-0.5.3\\out\\server\\src\\server.js:2384:544)\n    at c:\\Users\\Usuario\\.vscode\\extensions\\uqbar.wollok-lsp-ide-0.5.3\\out\\server\\src\\server.js:2384:2988\n    at c:\\Users\\Usuario\\.vscode\\extensions\\uqbar.wollok-lsp-ide-0.5.3\\out\\server\\src\\server.js:2393:8440\n    at c:\\Users\\Usuario\\.vscode\\extensions\\uqbar.wollok-lsp-ide-0.5.3\\out\\server\\src\\server.js:37:74872\n    at Ye (c:\\Users\\Usuario\\.vscode\\extensions\\uqbar.wollok-lsp-ide-0.5.3\\out\\server\\src\\server.js:7:8527)\n    at qt (c:\\Users\\Usuario\\.vscode\\extensions\\uqbar.wollok-lsp-ide-0.5.3\\out\\server\\src\\server.js:7:6189)\n    at ot (c:\\Users\\Usuario\\.vscode\\extensions\\uqbar.wollok-lsp-ide-0.5.3\\out\\server\\src\\server.js:7:6378)","timestamp":"2025-10-25T13:43:38.186Z"}
{"level":"error","message":"✘ Completions for node Send ([33:36, 33:48] - pgmProgram.wpgm) failed: Error: [Send]{5fd39d} at pgmProgram.wpgm:33 exhausted all cases without a match [Send]{5fd39d} at pgmProgram.wpgm:33 exhausted all cases without a match","stack":"Error: [Send]{5fd39d} at pgmProgram.wpgm:33 exhausted all cases without a match\n    at c:\\Users\\Usuario\\.vscode\\extensions\\uqbar.wollok-lsp-ide-0.5.3\\out\\server\\src\\server.js:38:6142\n    at D2 (c:\\Users\\Usuario\\.vscode\\extensions\\uqbar.wollok-lsp-ide-0.5.3\\out\\server\\src\\server.js:2384:42)\n    at c:\\Users\\Usuario\\.vscode\\extensions\\uqbar.wollok-lsp-ide-0.5.3\\out\\server\\src\\server.js:2384:2988\n    at c:\\Users\\Usuario\\.vscode\\extensions\\uqbar.wollok-lsp-ide-0.5.3\\out\\server\\src\\server.js:2393:8440\n    at c:\\Users\\Usuario\\.vscode\\extensions\\uqbar.wollok-lsp-ide-0.5.3\\out\\server\\src\\server.js:37:74872\n    at Ye (c:\\Users\\Usuario\\.vscode\\extensions\\uqbar.wollok-lsp-ide-0.5.3\\out\\server\\src\\server.js:7:8527)\n    at qt (c:\\Users\\Usuario\\.vscode\\extensions\\uqbar.wollok-lsp-ide-0.5.3\\out\\server\\src\\server.js:7:6189)\n    at ot (c:\\Users\\Usuario\\.vscode\\extensions\\uqbar.wollok-lsp-ide-0.5.3\\out\\server\\src\\server.js:7:6378)\n    at Immediate._onImmediate (c:\\Users\\Usuario\\.vscode\\extensions\\uqbar.wollok-lsp-ide-0.5.3\\out\\server\\src\\server.js:7:6142)\n    at process.processImmediate (node:internal/timers:485:21)","timestamp":"2025-10-25T13:43:38.375Z"}
{"level":"error","message":"✘ Completions for node Return (undefined - pgmProgram.wpgm) failed: Error: [Return]{33f6d1} at pgmProgram.wpgm:-- exhausted all cases without a match [Return]{33f6d1} at pgmProgram.wpgm:-- exhausted all cases without a match","stack":"Error: [Return]{33f6d1} at pgmProgram.wpgm:-- exhausted all cases without a match\n    at c:\\Users\\Usuario\\.vscode\\extensions\\uqbar.wollok-lsp-ide-0.5.3\\out\\server\\src\\server.js:38:6142\n    at D2 (c:\\Users\\Usuario\\.vscode\\extensions\\uqbar.wollok-lsp-ide-0.5.3\\out\\server\\src\\server.js:2384:42)\n    at Qh (c:\\Users\\Usuario\\.vscode\\extensions\\uqbar.wollok-lsp-ide-0.5.3\\out\\server\\src\\server.js:2384:1092)\n    at D2 (c:\\Users\\Usuario\\.vscode\\extensions\\uqbar.wollok-lsp-ide-0.5.3\\out\\server\\src\\server.js:2384:544)\n    at c:\\Users\\Usuario\\.vscode\\extensions\\uqbar.wollok-lsp-ide-0.5.3\\out\\server\\src\\server.js:2384:2988\n    at c:\\Users\\Usuario\\.vscode\\extensions\\uqbar.wollok-lsp-ide-0.5.3\\out\\server\\src\\server.js:2393:8440\n    at c:\\Users\\Usuario\\.vscode\\extensions\\uqbar.wollok-lsp-ide-0.5.3\\out\\server\\src\\server.js:37:74872\n    at Ye (c:\\Users\\Usuario\\.vscode\\extensions\\uqbar.wollok-lsp-ide-0.5.3\\out\\server\\src\\server.js:7:8527)\n    at qt (c:\\Users\\Usuario\\.vscode\\extensions\\uqbar.wollok-lsp-ide-0.5.3\\out\\server\\src\\server.js:7:6189)\n    at ot (c:\\Users\\Usuario\\.vscode\\extensions\\uqbar.wollok-lsp-ide-0.5.3\\out\\server\\src\\server.js:7:6378)","timestamp":"2025-10-25T13:43:38.375Z"}
{"level":"error","message":"✘ Completions for node Send ([33:36, 33:49] - pgmProgram.wpgm) failed: Error: [Send]{1f8d93} at pgmProgram.wpgm:33 exhausted all cases without a match [Send]{1f8d93} at pgmProgram.wpgm:33 exhausted all cases without a match","stack":"Error: [Send]{1f8d93} at pgmProgram.wpgm:33 exhausted all cases without a match\n    at c:\\Users\\Usuario\\.vscode\\extensions\\uqbar.wollok-lsp-ide-0.5.3\\out\\server\\src\\server.js:38:6142\n    at D2 (c:\\Users\\Usuario\\.vscode\\extensions\\uqbar.wollok-lsp-ide-0.5.3\\out\\server\\src\\server.js:2384:42)\n    at c:\\Users\\Usuario\\.vscode\\extensions\\uqbar.wollok-lsp-ide-0.5.3\\out\\server\\src\\server.js:2384:2988\n    at c:\\Users\\Usuario\\.vscode\\extensions\\uqbar.wollok-lsp-ide-0.5.3\\out\\server\\src\\server.js:2393:8440\n    at c:\\Users\\Usuario\\.vscode\\extensions\\uqbar.wollok-lsp-ide-0.5.3\\out\\server\\src\\server.js:37:74872\n    at Ye (c:\\Users\\Usuario\\.vscode\\extensions\\uqbar.wollok-lsp-ide-0.5.3\\out\\server\\src\\server.js:7:8527)\n    at qt (c:\\Users\\Usuario\\.vscode\\extensions\\uqbar.wollok-lsp-ide-0.5.3\\out\\server\\src\\server.js:7:6189)\n    at ot (c:\\Users\\Usuario\\.vscode\\extensions\\uqbar.wollok-lsp-ide-0.5.3\\out\\server\\src\\server.js:7:6378)\n    at Immediate._onImmediate (c:\\Users\\Usuario\\.vscode\\extensions\\uqbar.wollok-lsp-ide-0.5.3\\out\\server\\src\\server.js:7:6142)\n    at process.processImmediate (node:internal/timers:485:21)","timestamp":"2025-10-25T13:43:38.683Z"}
{"level":"error","message":"✘ Completions for node Return (undefined - pgmProgram.wpgm) failed: Error: [Return]{fcb3cc} at pgmProgram.wpgm:-- exhausted all cases without a match [Return]{fcb3cc} at pgmProgram.wpgm:-- exhausted all cases without a match","stack":"Error: [Return]{fcb3cc} at pgmProgram.wpgm:-- exhausted all cases without a match\n    at c:\\Users\\Usuario\\.vscode\\extensions\\uqbar.wollok-lsp-ide-0.5.3\\out\\server\\src\\server.js:38:6142\n    at D2 (c:\\Users\\Usuario\\.vscode\\extensions\\uqbar.wollok-lsp-ide-0.5.3\\out\\server\\src\\server.js:2384:42)\n    at Qh (c:\\Users\\Usuario\\.vscode\\extensions\\uqbar.wollok-lsp-ide-0.5.3\\out\\server\\src\\server.js:2384:1092)\n    at D2 (c:\\Users\\Usuario\\.vscode\\extensions\\uqbar.wollok-lsp-ide-0.5.3\\out\\server\\src\\server.js:2384:544)\n    at c:\\Users\\Usuario\\.vscode\\extensions\\uqbar.wollok-lsp-ide-0.5.3\\out\\server\\src\\server.js:2384:2988\n    at c:\\Users\\Usuario\\.vscode\\extensions\\uqbar.wollok-lsp-ide-0.5.3\\out\\server\\src\\server.js:2393:8440\n    at c:\\Users\\Usuario\\.vscode\\extensions\\uqbar.wollok-lsp-ide-0.5.3\\out\\server\\src\\server.js:37:74872\n    at Ye (c:\\Users\\Usuario\\.vscode\\extensions\\uqbar.wollok-lsp-ide-0.5.3\\out\\server\\src\\server.js:7:8527)\n    at qt (c:\\Users\\Usuario\\.vscode\\extensions\\uqbar.wollok-lsp-ide-0.5.3\\out\\server\\src\\server.js:7:6189)\n    at ot (c:\\Users\\Usuario\\.vscode\\extensions\\uqbar.wollok-lsp-ide-0.5.3\\out\\server\\src\\server.js:7:6378)","timestamp":"2025-10-25T13:43:38.683Z"}
{"level":"error","message":"✘ Completions for node Send ([33:36, 33:50] - pgmProgram.wpgm) failed: Error: [Send]{9ea6d8} at pgmProgram.wpgm:33 exhausted all cases without a match [Send]{9ea6d8} at pgmProgram.wpgm:33 exhausted all cases without a match","stack":"Error: [Send]{9ea6d8} at pgmProgram.wpgm:33 exhausted all cases without a match\n    at c:\\Users\\Usuario\\.vscode\\extensions\\uqbar.wollok-lsp-ide-0.5.3\\out\\server\\src\\server.js:38:6142\n    at D2 (c:\\Users\\Usuario\\.vscode\\extensions\\uqbar.wollok-lsp-ide-0.5.3\\out\\server\\src\\server.js:2384:42)\n    at c:\\Users\\Usuario\\.vscode\\extensions\\uqbar.wollok-lsp-ide-0.5.3\\out\\server\\src\\server.js:2384:2988\n    at c:\\Users\\Usuario\\.vscode\\extensions\\uqbar.wollok-lsp-ide-0.5.3\\out\\server\\src\\server.js:2393:8440\n    at c:\\Users\\Usuario\\.vscode\\extensions\\uqbar.wollok-lsp-ide-0.5.3\\out\\server\\src\\server.js:37:74872\n    at Ye (c:\\Users\\Usuario\\.vscode\\extensions\\uqbar.wollok-lsp-ide-0.5.3\\out\\server\\src\\server.js:7:8527)\n    at qt (c:\\Users\\Usuario\\.vscode\\extensions\\uqbar.wollok-lsp-ide-0.5.3\\out\\server\\src\\server.js:7:6189)\n    at ot (c:\\Users\\Usuario\\.vscode\\extensions\\uqbar.wollok-lsp-ide-0.5.3\\out\\server\\src\\server.js:7:6378)\n    at Immediate._onImmediate (c:\\Users\\Usuario\\.vscode\\extensions\\uqbar.wollok-lsp-ide-0.5.3\\out\\server\\src\\server.js:7:6142)\n    at process.processImmediate (node:internal/timers:485:21)","timestamp":"2025-10-25T13:43:38.848Z"}
{"level":"error","message":"✘ Completions for node Return (undefined - pgmProgram.wpgm) failed: Error: [Return]{3fb71a} at pgmProgram.wpgm:-- exhausted all cases without a match [Return]{3fb71a} at pgmProgram.wpgm:-- exhausted all cases without a match","stack":"Error: [Return]{3fb71a} at pgmProgram.wpgm:-- exhausted all cases without a match\n    at c:\\Users\\Usuario\\.vscode\\extensions\\uqbar.wollok-lsp-ide-0.5.3\\out\\server\\src\\server.js:38:6142\n    at D2 (c:\\Users\\Usuario\\.vscode\\extensions\\uqbar.wollok-lsp-ide-0.5.3\\out\\server\\src\\server.js:2384:42)\n    at Qh (c:\\Users\\Usuario\\.vscode\\extensions\\uqbar.wollok-lsp-ide-0.5.3\\out\\server\\src\\server.js:2384:1092)\n    at D2 (c:\\Users\\Usuario\\.vscode\\extensions\\uqbar.wollok-lsp-ide-0.5.3\\out\\server\\src\\server.js:2384:544)\n    at c:\\Users\\Usuario\\.vscode\\extensions\\uqbar.wollok-lsp-ide-0.5.3\\out\\server\\src\\server.js:2384:2988\n    at c:\\Users\\Usuario\\.vscode\\extensions\\uqbar.wollok-lsp-ide-0.5.3\\out\\server\\src\\server.js:2393:8440\n    at c:\\Users\\Usuario\\.vscode\\extensions\\uqbar.wollok-lsp-ide-0.5.3\\out\\server\\src\\server.js:37:74872\n    at Ye (c:\\Users\\Usuario\\.vscode\\extensions\\uqbar.wollok-lsp-ide-0.5.3\\out\\server\\src\\server.js:7:8527)\n    at qt (c:\\Users\\Usuario\\.vscode\\extensions\\uqbar.wollok-lsp-ide-0.5.3\\out\\server\\src\\server.js:7:6189)\n    at ot (c:\\Users\\Usuario\\.vscode\\extensions\\uqbar.wollok-lsp-ide-0.5.3\\out\\server\\src\\server.js:7:6378)","timestamp":"2025-10-25T13:43:38.849Z"}
{"level":"error","message":"✘ Completions for node Send ([33:36, 33:51] - pgmProgram.wpgm) failed: Error: [Send]{fc8857} at pgmProgram.wpgm:33 exhausted all cases without a match [Send]{fc8857} at pgmProgram.wpgm:33 exhausted all cases without a match","stack":"Error: [Send]{fc8857} at pgmProgram.wpgm:33 exhausted all cases without a match\n    at c:\\Users\\Usuario\\.vscode\\extensions\\uqbar.wollok-lsp-ide-0.5.3\\out\\server\\src\\server.js:38:6142\n    at D2 (c:\\Users\\Usuario\\.vscode\\extensions\\uqbar.wollok-lsp-ide-0.5.3\\out\\server\\src\\server.js:2384:42)\n    at Qh (c:\\Users\\Usuario\\.vscode\\extensions\\uqbar.wollok-lsp-ide-0.5.3\\out\\server\\src\\server.js:2384:1092)\n    at k6n (c:\\Users\\Usuario\\.vscode\\extensions\\uqbar.wollok-lsp-ide-0.5.3\\out\\server\\src\\server.js:2384:1248)\n    at c:\\Users\\Usuario\\.vscode\\extensions\\uqbar.wollok-lsp-ide-0.5.3\\out\\server\\src\\server.js:38:6131\n    at D2 (c:\\Users\\Usuario\\.vscode\\extensions\\uqbar.wollok-lsp-ide-0.5.3\\out\\server\\src\\server.js:2384:42)\n    at c:\\Users\\Usuario\\.vscode\\extensions\\uqbar.wollok-lsp-ide-0.5.3\\out\\server\\src\\server.js:2384:2988\n    at c:\\Users\\Usuario\\.vscode\\extensions\\uqbar.wollok-lsp-ide-0.5.3\\out\\server\\src\\server.js:2393:8440\n    at c:\\Users\\Usuario\\.vscode\\extensions\\uqbar.wollok-lsp-ide-0.5.3\\out\\server\\src\\server.js:37:74872\n    at Ye (c:\\Users\\Usuario\\.vscode\\extensions\\uqbar.wollok-lsp-ide-0.5.3\\out\\server\\src\\server.js:7:8527)","timestamp":"2025-10-25T13:43:53.006Z"}
{"level":"error","message":"✘ Completions for node Return (undefined - pgmProgram.wpgm) failed: Error: [Return]{7a6da1} at pgmProgram.wpgm:-- exhausted all cases without a match [Return]{7a6da1} at pgmProgram.wpgm:-- exhausted all cases without a match","stack":"Error: [Return]{7a6da1} at pgmProgram.wpgm:-- exhausted all cases without a match\n    at c:\\Users\\Usuario\\.vscode\\extensions\\uqbar.wollok-lsp-ide-0.5.3\\out\\server\\src\\server.js:38:6142\n    at D2 (c:\\Users\\Usuario\\.vscode\\extensions\\uqbar.wollok-lsp-ide-0.5.3\\out\\server\\src\\server.js:2384:42)\n    at Qh (c:\\Users\\Usuario\\.vscode\\extensions\\uqbar.wollok-lsp-ide-0.5.3\\out\\server\\src\\server.js:2384:1092)\n    at D2 (c:\\Users\\Usuario\\.vscode\\extensions\\uqbar.wollok-lsp-ide-0.5.3\\out\\server\\src\\server.js:2384:544)\n    at Qh (c:\\Users\\Usuario\\.vscode\\extensions\\uqbar.wollok-lsp-ide-0.5.3\\out\\server\\src\\server.js:2384:1092)\n    at k6n (c:\\Users\\Usuario\\.vscode\\extensions\\uqbar.wollok-lsp-ide-0.5.3\\out\\server\\src\\server.js:2384:1248)\n    at c:\\Users\\Usuario\\.vscode\\extensions\\uqbar.wollok-lsp-ide-0.5.3\\out\\server\\src\\server.js:38:6131\n    at D2 (c:\\Users\\Usuario\\.vscode\\extensions\\uqbar.wollok-lsp-ide-0.5.3\\out\\server\\src\\server.js:2384:42)\n    at c:\\Users\\Usuario\\.vscode\\extensions\\uqbar.wollok-lsp-ide-0.5.3\\out\\server\\src\\server.js:2384:2988\n    at c:\\Users\\Usuario\\.vscode\\extensions\\uqbar.wollok-lsp-ide-0.5.3\\out\\server\\src\\server.js:2393:8440","timestamp":"2025-10-25T13:43:53.006Z"}
{"level":"error","message":"✘ Completions for node If ([28:4, 35:5] - pgmProgram.wpgm) failed: Error: [If]{ee4d0d} at pgmProgram.wpgm:28 exhausted all cases without a match [If]{ee4d0d} at pgmProgram.wpgm:28 exhausted all cases without a match","stack":"Error: [If]{ee4d0d} at pgmProgram.wpgm:28 exhausted all cases without a match\n    at c:\\Users\\Usuario\\.vscode\\extensions\\uqbar.wollok-lsp-ide-0.5.3\\out\\server\\src\\server.js:38:6142\n    at D2 (c:\\Users\\Usuario\\.vscode\\extensions\\uqbar.wollok-lsp-ide-0.5.3\\out\\server\\src\\server.js:2384:42)\n    at Qh (c:\\Users\\Usuario\\.vscode\\extensions\\uqbar.wollok-lsp-ide-0.5.3\\out\\server\\src\\server.js:2384:1092)\n    at v6n (c:\\Users\\Usuario\\.vscode\\extensions\\uqbar.wollok-lsp-ide-0.5.3\\out\\server\\src\\server.js:2384:818)\n    at c:\\Users\\Usuario\\.vscode\\extensions\\uqbar.wollok-lsp-ide-0.5.3\\out\\server\\src\\server.js:38:6131\n    at D2 (c:\\Users\\Usuario\\.vscode\\extensions\\uqbar.wollok-lsp-ide-0.5.3\\out\\server\\src\\server.js:2384:42)\n    at c:\\Users\\Usuario\\.vscode\\extensions\\uqbar.wollok-lsp-ide-0.5.3\\out\\server\\src\\server.js:2384:2988\n    at c:\\Users\\Usuario\\.vscode\\extensions\\uqbar.wollok-lsp-ide-0.5.3\\out\\server\\src\\server.js:2393:8440\n    at c:\\Users\\Usuario\\.vscode\\extensions\\uqbar.wollok-lsp-ide-0.5.3\\out\\server\\src\\server.js:37:74872\n    at Ye (c:\\Users\\Usuario\\.vscode\\extensions\\uqbar.wollok-lsp-ide-0.5.3\\out\\server\\src\\server.js:7:8527)","timestamp":"2025-10-25T13:43:56.582Z"}
{"level":"error","message":"✘ Completions for node Send ([33:36, 33:57] - pgmProgram.wpgm) failed: Error: [Send]{2f5f72} at pgmProgram.wpgm:33 exhausted all cases without a match [Send]{2f5f72} at pgmProgram.wpgm:33 exhausted all cases without a match","stack":"Error: [Send]{2f5f72} at pgmProgram.wpgm:33 exhausted all cases without a match\n    at c:\\Users\\Usuario\\.vscode\\extensions\\uqbar.wollok-lsp-ide-0.5.3\\out\\server\\src\\server.js:38:6142\n    at D2 (c:\\Users\\Usuario\\.vscode\\extensions\\uqbar.wollok-lsp-ide-0.5.3\\out\\server\\src\\server.js:2384:42)\n    at Qh (c:\\Users\\Usuario\\.vscode\\extensions\\uqbar.wollok-lsp-ide-0.5.3\\out\\server\\src\\server.js:2384:1092)\n    at k6n (c:\\Users\\Usuario\\.vscode\\extensions\\uqbar.wollok-lsp-ide-0.5.3\\out\\server\\src\\server.js:2384:1248)\n    at c:\\Users\\Usuario\\.vscode\\extensions\\uqbar.wollok-lsp-ide-0.5.3\\out\\server\\src\\server.js:38:6131\n    at D2 (c:\\Users\\Usuario\\.vscode\\extensions\\uqbar.wollok-lsp-ide-0.5.3\\out\\server\\src\\server.js:2384:42)\n    at c:\\Users\\Usuario\\.vscode\\extensions\\uqbar.wollok-lsp-ide-0.5.3\\out\\server\\src\\server.js:2384:2988\n    at c:\\Users\\Usuario\\.vscode\\extensions\\uqbar.wollok-lsp-ide-0.5.3\\out\\server\\src\\server.js:2393:8440\n    at c:\\Users\\Usuario\\.vscode\\extensions\\uqbar.wollok-lsp-ide-0.5.3\\out\\server\\src\\server.js:37:74872\n    at Ye (c:\\Users\\Usuario\\.vscode\\extensions\\uqbar.wollok-lsp-ide-0.5.3\\out\\server\\src\\server.js:7:8527)","timestamp":"2025-10-25T13:43:58.588Z"}
{"level":"error","message":"✘ Completions for node Return (undefined - pgmProgram.wpgm) failed: Error: [Return]{45780b} at pgmProgram.wpgm:-- exhausted all cases without a match [Return]{45780b} at pgmProgram.wpgm:-- exhausted all cases without a match","stack":"Error: [Return]{45780b} at pgmProgram.wpgm:-- exhausted all cases without a match\n    at c:\\Users\\Usuario\\.vscode\\extensions\\uqbar.wollok-lsp-ide-0.5.3\\out\\server\\src\\server.js:38:6142\n    at D2 (c:\\Users\\Usuario\\.vscode\\extensions\\uqbar.wollok-lsp-ide-0.5.3\\out\\server\\src\\server.js:2384:42)\n    at Qh (c:\\Users\\Usuario\\.vscode\\extensions\\uqbar.wollok-lsp-ide-0.5.3\\out\\server\\src\\server.js:2384:1092)\n    at D2 (c:\\Users\\Usuario\\.vscode\\extensions\\uqbar.wollok-lsp-ide-0.5.3\\out\\server\\src\\server.js:2384:544)\n    at Qh (c:\\Users\\Usuario\\.vscode\\extensions\\uqbar.wollok-lsp-ide-0.5.3\\out\\server\\src\\server.js:2384:1092)\n    at k6n (c:\\Users\\Usuario\\.vscode\\extensions\\uqbar.wollok-lsp-ide-0.5.3\\out\\server\\src\\server.js:2384:1248)\n    at c:\\Users\\Usuario\\.vscode\\extensions\\uqbar.wollok-lsp-ide-0.5.3\\out\\server\\src\\server.js:38:6131\n    at D2 (c:\\Users\\Usuario\\.vscode\\extensions\\uqbar.wollok-lsp-ide-0.5.3\\out\\server\\src\\server.js:2384:42)\n    at c:\\Users\\Usuario\\.vscode\\extensions\\uqbar.wollok-lsp-ide-0.5.3\\out\\server\\src\\server.js:2384:2988\n    at c:\\Users\\Usuario\\.vscode\\extensions\\uqbar.wollok-lsp-ide-0.5.3\\out\\server\\src\\server.js:2393:8440","timestamp":"2025-10-25T13:43:58.588Z"}
{"level":"error","message":"✘ Completions for node Send ([33:36, 33:58] - pgmProgram.wpgm) failed: Error: [Send]{5ad039} at pgmProgram.wpgm:33 exhausted all cases without a match [Send]{5ad039} at pgmProgram.wpgm:33 exhausted all cases without a match","stack":"Error: [Send]{5ad039} at pgmProgram.wpgm:33 exhausted all cases without a match\n    at c:\\Users\\Usuario\\.vscode\\extensions\\uqbar.wollok-lsp-ide-0.5.3\\out\\server\\src\\server.js:38:6142\n    at D2 (c:\\Users\\Usuario\\.vscode\\extensions\\uqbar.wollok-lsp-ide-0.5.3\\out\\server\\src\\server.js:2384:42)\n    at Qh (c:\\Users\\Usuario\\.vscode\\extensions\\uqbar.wollok-lsp-ide-0.5.3\\out\\server\\src\\server.js:2384:1092)\n    at k6n (c:\\Users\\Usuario\\.vscode\\extensions\\uqbar.wollok-lsp-ide-0.5.3\\out\\server\\src\\server.js:2384:1248)\n    at c:\\Users\\Usuario\\.vscode\\extensions\\uqbar.wollok-lsp-ide-0.5.3\\out\\server\\src\\server.js:38:6131\n    at D2 (c:\\Users\\Usuario\\.vscode\\extensions\\uqbar.wollok-lsp-ide-0.5.3\\out\\server\\src\\server.js:2384:42)\n    at c:\\Users\\Usuario\\.vscode\\extensions\\uqbar.wollok-lsp-ide-0.5.3\\out\\server\\src\\server.js:2384:2988\n    at c:\\Users\\Usuario\\.vscode\\extensions\\uqbar.wollok-lsp-ide-0.5.3\\out\\server\\src\\server.js:2393:8440\n    at c:\\Users\\Usuario\\.vscode\\extensions\\uqbar.wollok-lsp-ide-0.5.3\\out\\server\\src\\server.js:37:74872\n    at Ye (c:\\Users\\Usuario\\.vscode\\extensions\\uqbar.wollok-lsp-ide-0.5.3\\out\\server\\src\\server.js:7:8527)","timestamp":"2025-10-25T13:43:58.803Z"}
{"level":"error","message":"✘ Completions for node Return (undefined - pgmProgram.wpgm) failed: Error: [Return]{a04ec6} at pgmProgram.wpgm:-- exhausted all cases without a match [Return]{a04ec6} at pgmProgram.wpgm:-- exhausted all cases without a match","stack":"Error: [Return]{a04ec6} at pgmProgram.wpgm:-- exhausted all cases without a match\n    at c:\\Users\\Usuario\\.vscode\\extensions\\uqbar.wollok-lsp-ide-0.5.3\\out\\server\\src\\server.js:38:6142\n    at D2 (c:\\Users\\Usuario\\.vscode\\extensions\\uqbar.wollok-lsp-ide-0.5.3\\out\\server\\src\\server.js:2384:42)\n    at Qh (c:\\Users\\Usuario\\.vscode\\extensions\\uqbar.wollok-lsp-ide-0.5.3\\out\\server\\src\\server.js:2384:1092)\n    at D2 (c:\\Users\\Usuario\\.vscode\\extensions\\uqbar.wollok-lsp-ide-0.5.3\\out\\server\\src\\server.js:2384:544)\n    at Qh (c:\\Users\\Usuario\\.vscode\\extensions\\uqbar.wollok-lsp-ide-0.5.3\\out\\server\\src\\server.js:2384:1092)\n    at k6n (c:\\Users\\Usuario\\.vscode\\extensions\\uqbar.wollok-lsp-ide-0.5.3\\out\\server\\src\\server.js:2384:1248)\n    at c:\\Users\\Usuario\\.vscode\\extensions\\uqbar.wollok-lsp-ide-0.5.3\\out\\server\\src\\server.js:38:6131\n    at D2 (c:\\Users\\Usuario\\.vscode\\extensions\\uqbar.wollok-lsp-ide-0.5.3\\out\\server\\src\\server.js:2384:42)\n    at c:\\Users\\Usuario\\.vscode\\extensions\\uqbar.wollok-lsp-ide-0.5.3\\out\\server\\src\\server.js:2384:2988\n    at c:\\Users\\Usuario\\.vscode\\extensions\\uqbar.wollok-lsp-ide-0.5.3\\out\\server\\src\\server.js:2393:8440","timestamp":"2025-10-25T13:43:58.804Z"}
{"level":"error","message":"✘ Completions for node Send ([33:36, 33:59] - pgmProgram.wpgm) failed: Error: [Send]{95a56a} at pgmProgram.wpgm:33 exhausted all cases without a match [Send]{95a56a} at pgmProgram.wpgm:33 exhausted all cases without a match","stack":"Error: [Send]{95a56a} at pgmProgram.wpgm:33 exhausted all cases without a match\n    at c:\\Users\\Usuario\\.vscode\\extensions\\uqbar.wollok-lsp-ide-0.5.3\\out\\server\\src\\server.js:38:6142\n    at D2 (c:\\Users\\Usuario\\.vscode\\extensions\\uqbar.wollok-lsp-ide-0.5.3\\out\\server\\src\\server.js:2384:42)\n    at Qh (c:\\Users\\Usuario\\.vscode\\extensions\\uqbar.wollok-lsp-ide-0.5.3\\out\\server\\src\\server.js:2384:1092)\n    at k6n (c:\\Users\\Usuario\\.vscode\\extensions\\uqbar.wollok-lsp-ide-0.5.3\\out\\server\\src\\server.js:2384:1248)\n    at c:\\Users\\Usuario\\.vscode\\extensions\\uqbar.wollok-lsp-ide-0.5.3\\out\\server\\src\\server.js:38:6131\n    at D2 (c:\\Users\\Usuario\\.vscode\\extensions\\uqbar.wollok-lsp-ide-0.5.3\\out\\server\\src\\server.js:2384:42)\n    at c:\\Users\\Usuario\\.vscode\\extensions\\uqbar.wollok-lsp-ide-0.5.3\\out\\server\\src\\server.js:2384:2988\n    at c:\\Users\\Usuario\\.vscode\\extensions\\uqbar.wollok-lsp-ide-0.5.3\\out\\server\\src\\server.js:2393:8440\n    at c:\\Users\\Usuario\\.vscode\\extensions\\uqbar.wollok-lsp-ide-0.5.3\\out\\server\\src\\server.js:37:74872\n    at Ye (c:\\Users\\Usuario\\.vscode\\extensions\\uqbar.wollok-lsp-ide-0.5.3\\out\\server\\src\\server.js:7:8527)","timestamp":"2025-10-25T13:43:59.062Z"}
{"level":"error","message":"✘ Completions for node Return (undefined - pgmProgram.wpgm) failed: Error: [Return]{02ae68} at pgmProgram.wpgm:-- exhausted all cases without a match [Return]{02ae68} at pgmProgram.wpgm:-- exhausted all cases without a match","stack":"Error: [Return]{02ae68} at pgmProgram.wpgm:-- exhausted all cases without a match\n    at c:\\Users\\Usuario\\.vscode\\extensions\\uqbar.wollok-lsp-ide-0.5.3\\out\\server\\src\\server.js:38:6142\n    at D2 (c:\\Users\\Usuario\\.vscode\\extensions\\uqbar.wollok-lsp-ide-0.5.3\\out\\server\\src\\server.js:2384:42)\n    at Qh (c:\\Users\\Usuario\\.vscode\\extensions\\uqbar.wollok-lsp-ide-0.5.3\\out\\server\\src\\server.js:2384:1092)\n    at D2 (c:\\Users\\Usuario\\.vscode\\extensions\\uqbar.wollok-lsp-ide-0.5.3\\out\\server\\src\\server.js:2384:544)\n    at Qh (c:\\Users\\Usuario\\.vscode\\extensions\\uqbar.wollok-lsp-ide-0.5.3\\out\\server\\src\\server.js:2384:1092)\n    at k6n (c:\\Users\\Usuario\\.vscode\\extensions\\uqbar.wollok-lsp-ide-0.5.3\\out\\server\\src\\server.js:2384:1248)\n    at c:\\Users\\Usuario\\.vscode\\extensions\\uqbar.wollok-lsp-ide-0.5.3\\out\\server\\src\\server.js:38:6131\n    at D2 (c:\\Users\\Usuario\\.vscode\\extensions\\uqbar.wollok-lsp-ide-0.5.3\\out\\server\\src\\server.js:2384:42)\n    at c:\\Users\\Usuario\\.vscode\\extensions\\uqbar.wollok-lsp-ide-0.5.3\\out\\server\\src\\server.js:2384:2988\n    at c:\\Users\\Usuario\\.vscode\\extensions\\uqbar.wollok-lsp-ide-0.5.3\\out\\server\\src\\server.js:2393:8440","timestamp":"2025-10-25T13:43:59.063Z"}
{"level":"error","message":"✘ Completions for node Send ([33:36, 33:60] - pgmProgram.wpgm) failed: Error: [Send]{1dc180} at pgmProgram.wpgm:33 exhausted all cases without a match [Send]{1dc180} at pgmProgram.wpgm:33 exhausted all cases without a match","stack":"Error: [Send]{1dc180} at pgmProgram.wpgm:33 exhausted all cases without a match\n    at c:\\Users\\Usuario\\.vscode\\extensions\\uqbar.wollok-lsp-ide-0.5.3\\out\\server\\src\\server.js:38:6142\n    at D2 (c:\\Users\\Usuario\\.vscode\\extensions\\uqbar.wollok-lsp-ide-0.5.3\\out\\server\\src\\server.js:2384:42)\n    at Qh (c:\\Users\\Usuario\\.vscode\\extensions\\uqbar.wollok-lsp-ide-0.5.3\\out\\server\\src\\server.js:2384:1092)\n    at k6n (c:\\Users\\Usuario\\.vscode\\extensions\\uqbar.wollok-lsp-ide-0.5.3\\out\\server\\src\\server.js:2384:1248)\n    at c:\\Users\\Usuario\\.vscode\\extensions\\uqbar.wollok-lsp-ide-0.5.3\\out\\server\\src\\server.js:38:6131\n    at D2 (c:\\Users\\Usuario\\.vscode\\extensions\\uqbar.wollok-lsp-ide-0.5.3\\out\\server\\src\\server.js:2384:42)\n    at c:\\Users\\Usuario\\.vscode\\extensions\\uqbar.wollok-lsp-ide-0.5.3\\out\\server\\src\\server.js:2384:2988\n    at c:\\Users\\Usuario\\.vscode\\extensions\\uqbar.wollok-lsp-ide-0.5.3\\out\\server\\src\\server.js:2393:8440\n    at c:\\Users\\Usuario\\.vscode\\extensions\\uqbar.wollok-lsp-ide-0.5.3\\out\\server\\src\\server.js:37:74872\n    at Ye (c:\\Users\\Usuario\\.vscode\\extensions\\uqbar.wollok-lsp-ide-0.5.3\\out\\server\\src\\server.js:7:8527)","timestamp":"2025-10-25T13:43:59.252Z"}
{"level":"error","message":"✘ Completions for node Return (undefined - pgmProgram.wpgm) failed: Error: [Return]{eafe58} at pgmProgram.wpgm:-- exhausted all cases without a match [Return]{eafe58} at pgmProgram.wpgm:-- exhausted all cases without a match","stack":"Error: [Return]{eafe58} at pgmProgram.wpgm:-- exhausted all cases without a match\n    at c:\\Users\\Usuario\\.vscode\\extensions\\uqbar.wollok-lsp-ide-0.5.3\\out\\server\\src\\server.js:38:6142\n    at D2 (c:\\Users\\Usuario\\.vscode\\extensions\\uqbar.wollok-lsp-ide-0.5.3\\out\\server\\src\\server.js:2384:42)\n    at Qh (c:\\Users\\Usuario\\.vscode\\extensions\\uqbar.wollok-lsp-ide-0.5.3\\out\\server\\src\\server.js:2384:1092)\n    at D2 (c:\\Users\\Usuario\\.vscode\\extensions\\uqbar.wollok-lsp-ide-0.5.3\\out\\server\\src\\server.js:2384:544)\n    at Qh (c:\\Users\\Usuario\\.vscode\\extensions\\uqbar.wollok-lsp-ide-0.5.3\\out\\server\\src\\server.js:2384:1092)\n    at k6n (c:\\Users\\Usuario\\.vscode\\extensions\\uqbar.wollok-lsp-ide-0.5.3\\out\\server\\src\\server.js:2384:1248)\n    at c:\\Users\\Usuario\\.vscode\\extensions\\uqbar.wollok-lsp-ide-0.5.3\\out\\server\\src\\server.js:38:6131\n    at D2 (c:\\Users\\Usuario\\.vscode\\extensions\\uqbar.wollok-lsp-ide-0.5.3\\out\\server\\src\\server.js:2384:42)\n    at c:\\Users\\Usuario\\.vscode\\extensions\\uqbar.wollok-lsp-ide-0.5.3\\out\\server\\src\\server.js:2384:2988\n    at c:\\Users\\Usuario\\.vscode\\extensions\\uqbar.wollok-lsp-ide-0.5.3\\out\\server\\src\\server.js:2393:8440","timestamp":"2025-10-25T13:43:59.253Z"}
{"level":"error","message":"✘ Completions for node Send ([33:36, 33:61] - pgmProgram.wpgm) failed: Error: [Send]{544fa5} at pgmProgram.wpgm:33 exhausted all cases without a match [Send]{544fa5} at pgmProgram.wpgm:33 exhausted all cases without a match","stack":"Error: [Send]{544fa5} at pgmProgram.wpgm:33 exhausted all cases without a match\n    at c:\\Users\\Usuario\\.vscode\\extensions\\uqbar.wollok-lsp-ide-0.5.3\\out\\server\\src\\server.js:38:6142\n    at D2 (c:\\Users\\Usuario\\.vscode\\extensions\\uqbar.wollok-lsp-ide-0.5.3\\out\\server\\src\\server.js:2384:42)\n    at Qh (c:\\Users\\Usuario\\.vscode\\extensions\\uqbar.wollok-lsp-ide-0.5.3\\out\\server\\src\\server.js:2384:1092)\n    at k6n (c:\\Users\\Usuario\\.vscode\\extensions\\uqbar.wollok-lsp-ide-0.5.3\\out\\server\\src\\server.js:2384:1248)\n    at c:\\Users\\Usuario\\.vscode\\extensions\\uqbar.wollok-lsp-ide-0.5.3\\out\\server\\src\\server.js:38:6131\n    at D2 (c:\\Users\\Usuario\\.vscode\\extensions\\uqbar.wollok-lsp-ide-0.5.3\\out\\server\\src\\server.js:2384:42)\n    at c:\\Users\\Usuario\\.vscode\\extensions\\uqbar.wollok-lsp-ide-0.5.3\\out\\server\\src\\server.js:2384:2988\n    at c:\\Users\\Usuario\\.vscode\\extensions\\uqbar.wollok-lsp-ide-0.5.3\\out\\server\\src\\server.js:2393:8440\n    at c:\\Users\\Usuario\\.vscode\\extensions\\uqbar.wollok-lsp-ide-0.5.3\\out\\server\\src\\server.js:37:74872\n    at Ye (c:\\Users\\Usuario\\.vscode\\extensions\\uqbar.wollok-lsp-ide-0.5.3\\out\\server\\src\\server.js:7:8527)","timestamp":"2025-10-25T13:43:59.568Z"}
{"level":"error","message":"✘ Completions for node Return (undefined - pgmProgram.wpgm) failed: Error: [Return]{c935c6} at pgmProgram.wpgm:-- exhausted all cases without a match [Return]{c935c6} at pgmProgram.wpgm:-- exhausted all cases without a match","stack":"Error: [Return]{c935c6} at pgmProgram.wpgm:-- exhausted all cases without a match\n    at c:\\Users\\Usuario\\.vscode\\extensions\\uqbar.wollok-lsp-ide-0.5.3\\out\\server\\src\\server.js:38:6142\n    at D2 (c:\\Users\\Usuario\\.vscode\\extensions\\uqbar.wollok-lsp-ide-0.5.3\\out\\server\\src\\server.js:2384:42)\n    at Qh (c:\\Users\\Usuario\\.vscode\\extensions\\uqbar.wollok-lsp-ide-0.5.3\\out\\server\\src\\server.js:2384:1092)\n    at D2 (c:\\Users\\Usuario\\.vscode\\extensions\\uqbar.wollok-lsp-ide-0.5.3\\out\\server\\src\\server.js:2384:544)\n    at Qh (c:\\Users\\Usuario\\.vscode\\extensions\\uqbar.wollok-lsp-ide-0.5.3\\out\\server\\src\\server.js:2384:1092)\n    at k6n (c:\\Users\\Usuario\\.vscode\\extensions\\uqbar.wollok-lsp-ide-0.5.3\\out\\server\\src\\server.js:2384:1248)\n    at c:\\Users\\Usuario\\.vscode\\extensions\\uqbar.wollok-lsp-ide-0.5.3\\out\\server\\src\\server.js:38:6131\n    at D2 (c:\\Users\\Usuario\\.vscode\\extensions\\uqbar.wollok-lsp-ide-0.5.3\\out\\server\\src\\server.js:2384:42)\n    at c:\\Users\\Usuario\\.vscode\\extensions\\uqbar.wollok-lsp-ide-0.5.3\\out\\server\\src\\server.js:2384:2988\n    at c:\\Users\\Usuario\\.vscode\\extensions\\uqbar.wollok-lsp-ide-0.5.3\\out\\server\\src\\server.js:2393:8440","timestamp":"2025-10-25T13:43:59.568Z"}
{"level":"info","message":"⌛ Validating pgmProgram.wpgm","timeElapsed":101,"timestamp":"2025-10-25T13:44:24.251Z"}
{"level":"info","message":"⌛ Building environment","timeElapsed":147,"timestamp":"2025-10-25T13:44:33.832Z"}
{"level":"error","message":"✘ Failed to rebuild document Failed to parse pgmProgram.wpgm: \n-- PARSING FAILED --------------------------------------------------\n\n  41 | \tgame.start()\n  42 | \t\n> 43 | }\n     | ^\n\nExpected one of the following: \n\n'@', 'class', 'const', 'describe', 'mixin', 'object', 'only', 'package', 'program', 'test', 'var', '{', EOF, comment, not \"}\", whitespace\n","stack":"Error: Failed to parse pgmProgram.wpgm: \n-- PARSING FAILED --------------------------------------------------\n\n  41 | \tgame.start()\n  42 | \t\n> 43 | }\n     | ^\n\nExpected one of the following: \n\n'@', 'class', 'const', 'describe', 'mixin', 'object', 'only', 'package', 'program', 'test', 'var', '{', EOF, comment, not \"}\", whitespace\n\n    at c:\\Users\\Usuario\\.vscode\\extensions\\uqbar.wollok-lsp-ide-0.5.3\\out\\server\\src\\server.js:2348:13026\n    at Array.map (<anonymous>)\n    at W1n (c:\\Users\\Usuario\\.vscode\\extensions\\uqbar.wollok-lsp-ide-0.5.3\\out\\server\\src\\server.js:2348:12950)\n    at U2.buildEnvironmentFrom (c:\\Users\\Usuario\\.vscode\\extensions\\uqbar.wollok-lsp-ide-0.5.3\\out\\server\\src\\server.js:2393:5254)\n    at U2.updateEnvironmentWith (c:\\Users\\Usuario\\.vscode\\extensions\\uqbar.wollok-lsp-ide-0.5.3\\out\\server\\src\\server.js:2393:4989)\n    at JF (c:\\Users\\Usuario\\.vscode\\extensions\\uqbar.wollok-lsp-ide-0.5.3\\out\\server\\src\\server.js:2393:7383)\n    at F3.invoke (c:\\Users\\Usuario\\.vscode\\extensions\\uqbar.wollok-lsp-ide-0.5.3\\out\\server\\src\\server.js:3:157334)\n    at o.fire (c:\\Users\\Usuario\\.vscode\\extensions\\uqbar.wollok-lsp-ide-0.5.3\\out\\server\\src\\server.js:3:158104)\n    at c:\\Users\\Usuario\\.vscode\\extensions\\uqbar.wollok-lsp-ide-0.5.3\\out\\server\\src\\server.js:37:57871\n    at Zr (c:\\Users\\Usuario\\.vscode\\extensions\\uqbar.wollok-lsp-ide-0.5.3\\out\\server\\src\\server.js:8:1561)","timestamp":"2025-10-25T13:45:02.056Z"}
{"level":"error","message":"✘ Failed to rebuild document Failed to parse pgmProgram.wpgm: \n-- PARSING FAILED --------------------------------------------------\n\n  41 | \tgame.start()\n  42 | \t\n> 43 | }\n     | ^\n\nExpected one of the following: \n\n'@', 'class', 'const', 'describe', 'mixin', 'object', 'only', 'package', 'program', 'test', 'var', '{', EOF, comment, not \"}\", whitespace\n","stack":"Error: Failed to parse pgmProgram.wpgm: \n-- PARSING FAILED --------------------------------------------------\n\n  41 | \tgame.start()\n  42 | \t\n> 43 | }\n     | ^\n\nExpected one of the following: \n\n'@', 'class', 'const', 'describe', 'mixin', 'object', 'only', 'package', 'program', 'test', 'var', '{', EOF, comment, not \"}\", whitespace\n\n    at c:\\Users\\Usuario\\.vscode\\extensions\\uqbar.wollok-lsp-ide-0.5.3\\out\\server\\src\\server.js:2348:13026\n    at Array.map (<anonymous>)\n    at W1n (c:\\Users\\Usuario\\.vscode\\extensions\\uqbar.wollok-lsp-ide-0.5.3\\out\\server\\src\\server.js:2348:12950)\n    at U2.buildEnvironmentFrom (c:\\Users\\Usuario\\.vscode\\extensions\\uqbar.wollok-lsp-ide-0.5.3\\out\\server\\src\\server.js:2393:5254)\n    at U2.updateEnvironmentWith (c:\\Users\\Usuario\\.vscode\\extensions\\uqbar.wollok-lsp-ide-0.5.3\\out\\server\\src\\server.js:2393:4989)\n    at JF (c:\\Users\\Usuario\\.vscode\\extensions\\uqbar.wollok-lsp-ide-0.5.3\\out\\server\\src\\server.js:2393:7383)\n    at F3.invoke (c:\\Users\\Usuario\\.vscode\\extensions\\uqbar.wollok-lsp-ide-0.5.3\\out\\server\\src\\server.js:3:157334)\n    at o.fire (c:\\Users\\Usuario\\.vscode\\extensions\\uqbar.wollok-lsp-ide-0.5.3\\out\\server\\src\\server.js:3:158104)\n    at c:\\Users\\Usuario\\.vscode\\extensions\\uqbar.wollok-lsp-ide-0.5.3\\out\\server\\src\\server.js:37:57871\n    at Zr (c:\\Users\\Usuario\\.vscode\\extensions\\uqbar.wollok-lsp-ide-0.5.3\\out\\server\\src\\server.js:8:1561)","timestamp":"2025-10-25T13:45:02.904Z"}
{"level":"error","message":"✘ Failed to rebuild document Failed to parse pgmProgram.wpgm: \n-- PARSING FAILED --------------------------------------------------\n\n  41 | \tgame.start()\n  42 | \t\n> 43 | }\n     | ^\n\nExpected one of the following: \n\n'@', 'class', 'const', 'describe', 'mixin', 'object', 'only', 'package', 'program', 'test', 'var', '{', EOF, comment, not \"}\", whitespace\n","stack":"Error: Failed to parse pgmProgram.wpgm: \n-- PARSING FAILED --------------------------------------------------\n\n  41 | \tgame.start()\n  42 | \t\n> 43 | }\n     | ^\n\nExpected one of the following: \n\n'@', 'class', 'const', 'describe', 'mixin', 'object', 'only', 'package', 'program', 'test', 'var', '{', EOF, comment, not \"}\", whitespace\n\n    at c:\\Users\\Usuario\\.vscode\\extensions\\uqbar.wollok-lsp-ide-0.5.3\\out\\server\\src\\server.js:2348:13026\n    at Array.map (<anonymous>)\n    at W1n (c:\\Users\\Usuario\\.vscode\\extensions\\uqbar.wollok-lsp-ide-0.5.3\\out\\server\\src\\server.js:2348:12950)\n    at U2.buildEnvironmentFrom (c:\\Users\\Usuario\\.vscode\\extensions\\uqbar.wollok-lsp-ide-0.5.3\\out\\server\\src\\server.js:2393:5254)\n    at U2.updateEnvironmentWith (c:\\Users\\Usuario\\.vscode\\extensions\\uqbar.wollok-lsp-ide-0.5.3\\out\\server\\src\\server.js:2393:4989)\n    at JF (c:\\Users\\Usuario\\.vscode\\extensions\\uqbar.wollok-lsp-ide-0.5.3\\out\\server\\src\\server.js:2393:7383)\n    at F3.invoke (c:\\Users\\Usuario\\.vscode\\extensions\\uqbar.wollok-lsp-ide-0.5.3\\out\\server\\src\\server.js:3:157334)\n    at o.fire (c:\\Users\\Usuario\\.vscode\\extensions\\uqbar.wollok-lsp-ide-0.5.3\\out\\server\\src\\server.js:3:158104)\n    at c:\\Users\\Usuario\\.vscode\\extensions\\uqbar.wollok-lsp-ide-0.5.3\\out\\server\\src\\server.js:37:57871\n    at Zr (c:\\Users\\Usuario\\.vscode\\extensions\\uqbar.wollok-lsp-ide-0.5.3\\out\\server\\src\\server.js:8:1561)","timestamp":"2025-10-25T13:45:05.263Z"}
{"level":"error","message":"✘ Completions for node Variable ([21:2, 21:9] - pgmProgram.wpgm) failed: Error: l [Variable]{9366a4} at pgmProgram.wpgm:21 exhausted all cases without a match l [Variable]{9366a4} at pgmProgram.wpgm:21 exhausted all cases without a match","stack":"Error: l [Variable]{9366a4} at pgmProgram.wpgm:21 exhausted all cases without a match\n    at c:\\Users\\Usuario\\.vscode\\extensions\\uqbar.wollok-lsp-ide-0.5.3\\out\\server\\src\\server.js:38:6142\n    at D2 (c:\\Users\\Usuario\\.vscode\\extensions\\uqbar.wollok-lsp-ide-0.5.3\\out\\server\\src\\server.js:2384:42)\n    at c:\\Users\\Usuario\\.vscode\\extensions\\uqbar.wollok-lsp-ide-0.5.3\\out\\server\\src\\server.js:2384:2988\n    at c:\\Users\\Usuario\\.vscode\\extensions\\uqbar.wollok-lsp-ide-0.5.3\\out\\server\\src\\server.js:2393:8440\n    at c:\\Users\\Usuario\\.vscode\\extensions\\uqbar.wollok-lsp-ide-0.5.3\\out\\server\\src\\server.js:37:74872\n    at Ye (c:\\Users\\Usuario\\.vscode\\extensions\\uqbar.wollok-lsp-ide-0.5.3\\out\\server\\src\\server.js:7:8527)\n    at qt (c:\\Users\\Usuario\\.vscode\\extensions\\uqbar.wollok-lsp-ide-0.5.3\\out\\server\\src\\server.js:7:6189)\n    at ot (c:\\Users\\Usuario\\.vscode\\extensions\\uqbar.wollok-lsp-ide-0.5.3\\out\\server\\src\\server.js:7:6378)\n    at Immediate._onImmediate (c:\\Users\\Usuario\\.vscode\\extensions\\uqbar.wollok-lsp-ide-0.5.3\\out\\server\\src\\server.js:7:6142)\n    at process.processImmediate (node:internal/timers:485:21)","timestamp":"2025-10-25T13:45:06.070Z"}
{"level":"error","message":"✘ Completions for node Variable ([21:2, 21:10] - pgmProgram.wpgm) failed: Error: li [Variable]{9ac04f} at pgmProgram.wpgm:21 exhausted all cases without a match li [Variable]{9ac04f} at pgmProgram.wpgm:21 exhausted all cases without a match","stack":"Error: li [Variable]{9ac04f} at pgmProgram.wpgm:21 exhausted all cases without a match\n    at c:\\Users\\Usuario\\.vscode\\extensions\\uqbar.wollok-lsp-ide-0.5.3\\out\\server\\src\\server.js:38:6142\n    at D2 (c:\\Users\\Usuario\\.vscode\\extensions\\uqbar.wollok-lsp-ide-0.5.3\\out\\server\\src\\server.js:2384:42)\n    at c:\\Users\\Usuario\\.vscode\\extensions\\uqbar.wollok-lsp-ide-0.5.3\\out\\server\\src\\server.js:2384:2988\n    at c:\\Users\\Usuario\\.vscode\\extensions\\uqbar.wollok-lsp-ide-0.5.3\\out\\server\\src\\server.js:2393:8440\n    at c:\\Users\\Usuario\\.vscode\\extensions\\uqbar.wollok-lsp-ide-0.5.3\\out\\server\\src\\server.js:37:74872\n    at Ye (c:\\Users\\Usuario\\.vscode\\extensions\\uqbar.wollok-lsp-ide-0.5.3\\out\\server\\src\\server.js:7:8527)\n    at qt (c:\\Users\\Usuario\\.vscode\\extensions\\uqbar.wollok-lsp-ide-0.5.3\\out\\server\\src\\server.js:7:6189)\n    at ot (c:\\Users\\Usuario\\.vscode\\extensions\\uqbar.wollok-lsp-ide-0.5.3\\out\\server\\src\\server.js:7:6378)\n    at Immediate._onImmediate (c:\\Users\\Usuario\\.vscode\\extensions\\uqbar.wollok-lsp-ide-0.5.3\\out\\server\\src\\server.js:7:6142)\n    at process.processImmediate (node:internal/timers:485:21)","timestamp":"2025-10-25T13:45:06.371Z"}
{"level":"error","message":"✘ Completions for node Variable ([21:2, 21:11] - pgmProgram.wpgm) failed: Error: lis [Variable]{f0829b} at pgmProgram.wpgm:21 exhausted all cases without a match lis [Variable]{f0829b} at pgmProgram.wpgm:21 exhausted all cases without a match","stack":"Error: lis [Variable]{f0829b} at pgmProgram.wpgm:21 exhausted all cases without a match\n    at c:\\Users\\Usuario\\.vscode\\extensions\\uqbar.wollok-lsp-ide-0.5.3\\out\\server\\src\\server.js:38:6142\n    at D2 (c:\\Users\\Usuario\\.vscode\\extensions\\uqbar.wollok-lsp-ide-0.5.3\\out\\server\\src\\server.js:2384:42)\n    at c:\\Users\\Usuario\\.vscode\\extensions\\uqbar.wollok-lsp-ide-0.5.3\\out\\server\\src\\server.js:2384:2988\n    at c:\\Users\\Usuario\\.vscode\\extensions\\uqbar.wollok-lsp-ide-0.5.3\\out\\server\\src\\server.js:2393:8440\n    at c:\\Users\\Usuario\\.vscode\\extensions\\uqbar.wollok-lsp-ide-0.5.3\\out\\server\\src\\server.js:37:74872\n    at Ye (c:\\Users\\Usuario\\.vscode\\extensions\\uqbar.wollok-lsp-ide-0.5.3\\out\\server\\src\\server.js:7:8527)\n    at qt (c:\\Users\\Usuario\\.vscode\\extensions\\uqbar.wollok-lsp-ide-0.5.3\\out\\server\\src\\server.js:7:6189)\n    at ot (c:\\Users\\Usuario\\.vscode\\extensions\\uqbar.wollok-lsp-ide-0.5.3\\out\\server\\src\\server.js:7:6378)\n    at Immediate._onImmediate (c:\\Users\\Usuario\\.vscode\\extensions\\uqbar.wollok-lsp-ide-0.5.3\\out\\server\\src\\server.js:7:6142)\n    at process.processImmediate (node:internal/timers:485:21)","timestamp":"2025-10-25T13:45:06.516Z"}
{"level":"error","message":"✘ Completions for node Variable ([21:2, 21:12] - pgmProgram.wpgm) failed: Error: list [Variable]{f661ba} at pgmProgram.wpgm:21 exhausted all cases without a match list [Variable]{f661ba} at pgmProgram.wpgm:21 exhausted all cases without a match","stack":"Error: list [Variable]{f661ba} at pgmProgram.wpgm:21 exhausted all cases without a match\n    at c:\\Users\\Usuario\\.vscode\\extensions\\uqbar.wollok-lsp-ide-0.5.3\\out\\server\\src\\server.js:38:6142\n    at D2 (c:\\Users\\Usuario\\.vscode\\extensions\\uqbar.wollok-lsp-ide-0.5.3\\out\\server\\src\\server.js:2384:42)\n    at c:\\Users\\Usuario\\.vscode\\extensions\\uqbar.wollok-lsp-ide-0.5.3\\out\\server\\src\\server.js:2384:2988\n    at c:\\Users\\Usuario\\.vscode\\extensions\\uqbar.wollok-lsp-ide-0.5.3\\out\\server\\src\\server.js:2393:8440\n    at c:\\Users\\Usuario\\.vscode\\extensions\\uqbar.wollok-lsp-ide-0.5.3\\out\\server\\src\\server.js:37:74872\n    at Ye (c:\\Users\\Usuario\\.vscode\\extensions\\uqbar.wollok-lsp-ide-0.5.3\\out\\server\\src\\server.js:7:8527)\n    at qt (c:\\Users\\Usuario\\.vscode\\extensions\\uqbar.wollok-lsp-ide-0.5.3\\out\\server\\src\\server.js:7:6189)\n    at ot (c:\\Users\\Usuario\\.vscode\\extensions\\uqbar.wollok-lsp-ide-0.5.3\\out\\server\\src\\server.js:7:6378)\n    at Immediate._onImmediate (c:\\Users\\Usuario\\.vscode\\extensions\\uqbar.wollok-lsp-ide-0.5.3\\out\\server\\src\\server.js:7:6142)\n    at process.processImmediate (node:internal/timers:485:21)","timestamp":"2025-10-25T13:45:06.678Z"}
{"level":"error","message":"✘ Completions for node Variable ([21:2, 21:14] - pgmProgram.wpgm) failed: Error: listaD [Variable]{a0e430} at pgmProgram.wpgm:21 exhausted all cases without a match listaD [Variable]{a0e430} at pgmProgram.wpgm:21 exhausted all cases without a match","stack":"Error: listaD [Variable]{a0e430} at pgmProgram.wpgm:21 exhausted all cases without a match\n    at c:\\Users\\Usuario\\.vscode\\extensions\\uqbar.wollok-lsp-ide-0.5.3\\out\\server\\src\\server.js:38:6142\n    at D2 (c:\\Users\\Usuario\\.vscode\\extensions\\uqbar.wollok-lsp-ide-0.5.3\\out\\server\\src\\server.js:2384:42)\n    at c:\\Users\\Usuario\\.vscode\\extensions\\uqbar.wollok-lsp-ide-0.5.3\\out\\server\\src\\server.js:2384:2988\n    at c:\\Users\\Usuario\\.vscode\\extensions\\uqbar.wollok-lsp-ide-0.5.3\\out\\server\\src\\server.js:2393:8440\n    at c:\\Users\\Usuario\\.vscode\\extensions\\uqbar.wollok-lsp-ide-0.5.3\\out\\server\\src\\server.js:37:74872\n    at Ye (c:\\Users\\Usuario\\.vscode\\extensions\\uqbar.wollok-lsp-ide-0.5.3\\out\\server\\src\\server.js:7:8527)\n    at qt (c:\\Users\\Usuario\\.vscode\\extensions\\uqbar.wollok-lsp-ide-0.5.3\\out\\server\\src\\server.js:7:6189)\n    at ot (c:\\Users\\Usuario\\.vscode\\extensions\\uqbar.wollok-lsp-ide-0.5.3\\out\\server\\src\\server.js:7:6378)\n    at Immediate._onImmediate (c:\\Users\\Usuario\\.vscode\\extensions\\uqbar.wollok-lsp-ide-0.5.3\\out\\server\\src\\server.js:7:6142)\n    at process.processImmediate (node:internal/timers:485:21)","timestamp":"2025-10-25T13:45:08.005Z"}
{"level":"error","message":"✘ Completions for node Variable ([21:2, 21:15] - pgmProgram.wpgm) failed: Error: listaDe [Variable]{48f5e6} at pgmProgram.wpgm:21 exhausted all cases without a match listaDe [Variable]{48f5e6} at pgmProgram.wpgm:21 exhausted all cases without a match","stack":"Error: listaDe [Variable]{48f5e6} at pgmProgram.wpgm:21 exhausted all cases without a match\n    at c:\\Users\\Usuario\\.vscode\\extensions\\uqbar.wollok-lsp-ide-0.5.3\\out\\server\\src\\server.js:38:6142\n    at D2 (c:\\Users\\Usuario\\.vscode\\extensions\\uqbar.wollok-lsp-ide-0.5.3\\out\\server\\src\\server.js:2384:42)\n    at c:\\Users\\Usuario\\.vscode\\extensions\\uqbar.wollok-lsp-ide-0.5.3\\out\\server\\src\\server.js:2384:2988\n    at c:\\Users\\Usuario\\.vscode\\extensions\\uqbar.wollok-lsp-ide-0.5.3\\out\\server\\src\\server.js:2393:8440\n    at c:\\Users\\Usuario\\.vscode\\extensions\\uqbar.wollok-lsp-ide-0.5.3\\out\\server\\src\\server.js:37:74872\n    at Ye (c:\\Users\\Usuario\\.vscode\\extensions\\uqbar.wollok-lsp-ide-0.5.3\\out\\server\\src\\server.js:7:8527)\n    at qt (c:\\Users\\Usuario\\.vscode\\extensions\\uqbar.wollok-lsp-ide-0.5.3\\out\\server\\src\\server.js:7:6189)\n    at ot (c:\\Users\\Usuario\\.vscode\\extensions\\uqbar.wollok-lsp-ide-0.5.3\\out\\server\\src\\server.js:7:6378)\n    at Immediate._onImmediate (c:\\Users\\Usuario\\.vscode\\extensions\\uqbar.wollok-lsp-ide-0.5.3\\out\\server\\src\\server.js:7:6142)\n    at process.processImmediate (node:internal/timers:485:21)","timestamp":"2025-10-25T13:45:08.215Z"}
{"level":"error","message":"✘ Completions for node Variable ([21:2, 21:14] - pgmProgram.wpgm) failed: Error: listaD [Variable]{7cfb2b} at pgmProgram.wpgm:21 exhausted all cases without a match listaD [Variable]{7cfb2b} at pgmProgram.wpgm:21 exhausted all cases without a match","stack":"Error: listaD [Variable]{7cfb2b} at pgmProgram.wpgm:21 exhausted all cases without a match\n    at c:\\Users\\Usuario\\.vscode\\extensions\\uqbar.wollok-lsp-ide-0.5.3\\out\\server\\src\\server.js:38:6142\n    at D2 (c:\\Users\\Usuario\\.vscode\\extensions\\uqbar.wollok-lsp-ide-0.5.3\\out\\server\\src\\server.js:2384:42)\n    at c:\\Users\\Usuario\\.vscode\\extensions\\uqbar.wollok-lsp-ide-0.5.3\\out\\server\\src\\server.js:2384:2988\n    at c:\\Users\\Usuario\\.vscode\\extensions\\uqbar.wollok-lsp-ide-0.5.3\\out\\server\\src\\server.js:2393:8440\n    at c:\\Users\\Usuario\\.vscode\\extensions\\uqbar.wollok-lsp-ide-0.5.3\\out\\server\\src\\server.js:37:74872\n    at Ye (c:\\Users\\Usuario\\.vscode\\extensions\\uqbar.wollok-lsp-ide-0.5.3\\out\\server\\src\\server.js:7:8527)\n    at qt (c:\\Users\\Usuario\\.vscode\\extensions\\uqbar.wollok-lsp-ide-0.5.3\\out\\server\\src\\server.js:7:6189)\n    at ot (c:\\Users\\Usuario\\.vscode\\extensions\\uqbar.wollok-lsp-ide-0.5.3\\out\\server\\src\\server.js:7:6378)\n    at Immediate._onImmediate (c:\\Users\\Usuario\\.vscode\\extensions\\uqbar.wollok-lsp-ide-0.5.3\\out\\server\\src\\server.js:7:6142)\n    at process.processImmediate (node:internal/timers:485:21)","timestamp":"2025-10-25T13:45:09.780Z"}
{"level":"error","message":"✘ Completions for node Variable ([21:2, 21:13] - pgmProgram.wpgm) failed: Error: lista [Variable]{5c75ea} at pgmProgram.wpgm:21 exhausted all cases without a match lista [Variable]{5c75ea} at pgmProgram.wpgm:21 exhausted all cases without a match","stack":"Error: lista [Variable]{5c75ea} at pgmProgram.wpgm:21 exhausted all cases without a match\n    at c:\\Users\\Usuario\\.vscode\\extensions\\uqbar.wollok-lsp-ide-0.5.3\\out\\server\\src\\server.js:38:6142\n    at D2 (c:\\Users\\Usuario\\.vscode\\extensions\\uqbar.wollok-lsp-ide-0.5.3\\out\\server\\src\\server.js:2384:42)\n    at c:\\Users\\Usuario\\.vscode\\extensions\\uqbar.wollok-lsp-ide-0.5.3\\out\\server\\src\\server.js:2384:2988\n    at c:\\Users\\Usuario\\.vscode\\extensions\\uqbar.wollok-lsp-ide-0.5.3\\out\\server\\src\\server.js:2393:8440\n    at c:\\Users\\Usuario\\.vscode\\extensions\\uqbar.wollok-lsp-ide-0.5.3\\out\\server\\src\\server.js:37:74872\n    at Ye (c:\\Users\\Usuario\\.vscode\\extensions\\uqbar.wollok-lsp-ide-0.5.3\\out\\server\\src\\server.js:7:8527)\n    at qt (c:\\Users\\Usuario\\.vscode\\extensions\\uqbar.wollok-lsp-ide-0.5.3\\out\\server\\src\\server.js:7:6189)\n    at ot (c:\\Users\\Usuario\\.vscode\\extensions\\uqbar.wollok-lsp-ide-0.5.3\\out\\server\\src\\server.js:7:6378)\n    at Immediate._onImmediate (c:\\Users\\Usuario\\.vscode\\extensions\\uqbar.wollok-lsp-ide-0.5.3\\out\\server\\src\\server.js:7:6142)\n    at process.processImmediate (node:internal/timers:485:21)","timestamp":"2025-10-25T13:45:09.976Z"}
{"level":"error","message":"✘ Completions for node Variable ([21:2, 21:14] - pgmProgram.wpgm) failed: Error: listaI [Variable]{078667} at pgmProgram.wpgm:21 exhausted all cases without a match listaI [Variable]{078667} at pgmProgram.wpgm:21 exhausted all cases without a match","stack":"Error: listaI [Variable]{078667} at pgmProgram.wpgm:21 exhausted all cases without a match\n    at c:\\Users\\Usuario\\.vscode\\extensions\\uqbar.wollok-lsp-ide-0.5.3\\out\\server\\src\\server.js:38:6142\n    at D2 (c:\\Users\\Usuario\\.vscode\\extensions\\uqbar.wollok-lsp-ide-0.5.3\\out\\server\\src\\server.js:2384:42)\n    at c:\\Users\\Usuario\\.vscode\\extensions\\uqbar.wollok-lsp-ide-0.5.3\\out\\server\\src\\server.js:2384:2988\n    at c:\\Users\\Usuario\\.vscode\\extensions\\uqbar.wollok-lsp-ide-0.5.3\\out\\server\\src\\server.js:2393:8440\n    at c:\\Users\\Usuario\\.vscode\\extensions\\uqbar.wollok-lsp-ide-0.5.3\\out\\server\\src\\server.js:37:74872\n    at Ye (c:\\Users\\Usuario\\.vscode\\extensions\\uqbar.wollok-lsp-ide-0.5.3\\out\\server\\src\\server.js:7:8527)\n    at qt (c:\\Users\\Usuario\\.vscode\\extensions\\uqbar.wollok-lsp-ide-0.5.3\\out\\server\\src\\server.js:7:6189)\n    at ot (c:\\Users\\Usuario\\.vscode\\extensions\\uqbar.wollok-lsp-ide-0.5.3\\out\\server\\src\\server.js:7:6378)\n    at Immediate._onImmediate (c:\\Users\\Usuario\\.vscode\\extensions\\uqbar.wollok-lsp-ide-0.5.3\\out\\server\\src\\server.js:7:6142)\n    at process.processImmediate (node:internal/timers:485:21)","timestamp":"2025-10-25T13:45:11.061Z"}
{"level":"error","message":"✘ Completions for node Variable ([21:2, 21:15] - pgmProgram.wpgm) failed: Error: listaIm [Variable]{43af20} at pgmProgram.wpgm:21 exhausted all cases without a match listaIm [Variable]{43af20} at pgmProgram.wpgm:21 exhausted all cases without a match","stack":"Error: listaIm [Variable]{43af20} at pgmProgram.wpgm:21 exhausted all cases without a match\n    at c:\\Users\\Usuario\\.vscode\\extensions\\uqbar.wollok-lsp-ide-0.5.3\\out\\server\\src\\server.js:38:6142\n    at D2 (c:\\Users\\Usuario\\.vscode\\extensions\\uqbar.wollok-lsp-ide-0.5.3\\out\\server\\src\\server.js:2384:42)\n    at c:\\Users\\Usuario\\.vscode\\extensions\\uqbar.wollok-lsp-ide-0.5.3\\out\\server\\src\\server.js:2384:2988\n    at c:\\Users\\Usuario\\.vscode\\extensions\\uqbar.wollok-lsp-ide-0.5.3\\out\\server\\src\\server.js:2393:8440\n    at c:\\Users\\Usuario\\.vscode\\extensions\\uqbar.wollok-lsp-ide-0.5.3\\out\\server\\src\\server.js:37:74872\n    at Ye (c:\\Users\\Usuario\\.vscode\\extensions\\uqbar.wollok-lsp-ide-0.5.3\\out\\server\\src\\server.js:7:8527)\n    at qt (c:\\Users\\Usuario\\.vscode\\extensions\\uqbar.wollok-lsp-ide-0.5.3\\out\\server\\src\\server.js:7:6189)\n    at ot (c:\\Users\\Usuario\\.vscode\\extensions\\uqbar.wollok-lsp-ide-0.5.3\\out\\server\\src\\server.js:7:6378)\n    at Immediate._onImmediate (c:\\Users\\Usuario\\.vscode\\extensions\\uqbar.wollok-lsp-ide-0.5.3\\out\\server\\src\\server.js:7:6142)\n    at process.processImmediate (node:internal/timers:485:21)","timestamp":"2025-10-25T13:45:11.395Z"}
{"level":"error","message":"✘ Completions for node Variable ([21:2, 21:16] - pgmProgram.wpgm) failed: Error: listaIma [Variable]{11c6b9} at pgmProgram.wpgm:21 exhausted all cases without a match listaIma [Variable]{11c6b9} at pgmProgram.wpgm:21 exhausted all cases without a match","stack":"Error: listaIma [Variable]{11c6b9} at pgmProgram.wpgm:21 exhausted all cases without a match\n    at c:\\Users\\Usuario\\.vscode\\extensions\\uqbar.wollok-lsp-ide-0.5.3\\out\\server\\src\\server.js:38:6142\n    at D2 (c:\\Users\\Usuario\\.vscode\\extensions\\uqbar.wollok-lsp-ide-0.5.3\\out\\server\\src\\server.js:2384:42)\n    at c:\\Users\\Usuario\\.vscode\\extensions\\uqbar.wollok-lsp-ide-0.5.3\\out\\server\\src\\server.js:2384:2988\n    at c:\\Users\\Usuario\\.vscode\\extensions\\uqbar.wollok-lsp-ide-0.5.3\\out\\server\\src\\server.js:2393:8440\n    at c:\\Users\\Usuario\\.vscode\\extensions\\uqbar.wollok-lsp-ide-0.5.3\\out\\server\\src\\server.js:37:74872\n    at Ye (c:\\Users\\Usuario\\.vscode\\extensions\\uqbar.wollok-lsp-ide-0.5.3\\out\\server\\src\\server.js:7:8527)\n    at qt (c:\\Users\\Usuario\\.vscode\\extensions\\uqbar.wollok-lsp-ide-0.5.3\\out\\server\\src\\server.js:7:6189)\n    at ot (c:\\Users\\Usuario\\.vscode\\extensions\\uqbar.wollok-lsp-ide-0.5.3\\out\\server\\src\\server.js:7:6378)\n    at Immediate._onImmediate (c:\\Users\\Usuario\\.vscode\\extensions\\uqbar.wollok-lsp-ide-0.5.3\\out\\server\\src\\server.js:7:6142)\n    at process.processImmediate (node:internal/timers:485:21)","timestamp":"2025-10-25T13:45:11.576Z"}
{"level":"error","message":"✘ Completions for node Variable ([21:2, 21:17] - pgmProgram.wpgm) failed: Error: listaImag [Variable]{272a57} at pgmProgram.wpgm:21 exhausted all cases without a match listaImag [Variable]{272a57} at pgmProgram.wpgm:21 exhausted all cases without a match","stack":"Error: listaImag [Variable]{272a57} at pgmProgram.wpgm:21 exhausted all cases without a match\n    at c:\\Users\\Usuario\\.vscode\\extensions\\uqbar.wollok-lsp-ide-0.5.3\\out\\server\\src\\server.js:38:6142\n    at D2 (c:\\Users\\Usuario\\.vscode\\extensions\\uqbar.wollok-lsp-ide-0.5.3\\out\\server\\src\\server.js:2384:42)\n    at c:\\Users\\Usuario\\.vscode\\extensions\\uqbar.wollok-lsp-ide-0.5.3\\out\\server\\src\\server.js:2384:2988\n    at c:\\Users\\Usuario\\.vscode\\extensions\\uqbar.wollok-lsp-ide-0.5.3\\out\\server\\src\\server.js:2393:8440\n    at c:\\Users\\Usuario\\.vscode\\extensions\\uqbar.wollok-lsp-ide-0.5.3\\out\\server\\src\\server.js:37:74872\n    at Ye (c:\\Users\\Usuario\\.vscode\\extensions\\uqbar.wollok-lsp-ide-0.5.3\\out\\server\\src\\server.js:7:8527)\n    at qt (c:\\Users\\Usuario\\.vscode\\extensions\\uqbar.wollok-lsp-ide-0.5.3\\out\\server\\src\\server.js:7:6189)\n    at ot (c:\\Users\\Usuario\\.vscode\\extensions\\uqbar.wollok-lsp-ide-0.5.3\\out\\server\\src\\server.js:7:6378)\n    at Immediate._onImmediate (c:\\Users\\Usuario\\.vscode\\extensions\\uqbar.wollok-lsp-ide-0.5.3\\out\\server\\src\\server.js:7:6142)\n    at process.processImmediate (node:internal/timers:485:21)","timestamp":"2025-10-25T13:45:11.751Z"}
{"level":"error","message":"✘ Completions for node Variable ([21:2, 21:18] - pgmProgram.wpgm) failed: Error: listaImage [Variable]{31c590} at pgmProgram.wpgm:21 exhausted all cases without a match listaImage [Variable]{31c590} at pgmProgram.wpgm:21 exhausted all cases without a match","stack":"Error: listaImage [Variable]{31c590} at pgmProgram.wpgm:21 exhausted all cases without a match\n    at c:\\Users\\Usuario\\.vscode\\extensions\\uqbar.wollok-lsp-ide-0.5.3\\out\\server\\src\\server.js:38:6142\n    at D2 (c:\\Users\\Usuario\\.vscode\\extensions\\uqbar.wollok-lsp-ide-0.5.3\\out\\server\\src\\server.js:2384:42)\n    at c:\\Users\\Usuario\\.vscode\\extensions\\uqbar.wollok-lsp-ide-0.5.3\\out\\server\\src\\server.js:2384:2988\n    at c:\\Users\\Usuario\\.vscode\\extensions\\uqbar.wollok-lsp-ide-0.5.3\\out\\server\\src\\server.js:2393:8440\n    at c:\\Users\\Usuario\\.vscode\\extensions\\uqbar.wollok-lsp-ide-0.5.3\\out\\server\\src\\server.js:37:74872\n    at Ye (c:\\Users\\Usuario\\.vscode\\extensions\\uqbar.wollok-lsp-ide-0.5.3\\out\\server\\src\\server.js:7:8527)\n    at qt (c:\\Users\\Usuario\\.vscode\\extensions\\uqbar.wollok-lsp-ide-0.5.3\\out\\server\\src\\server.js:7:6189)\n    at ot (c:\\Users\\Usuario\\.vscode\\extensions\\uqbar.wollok-lsp-ide-0.5.3\\out\\server\\src\\server.js:7:6378)\n    at Immediate._onImmediate (c:\\Users\\Usuario\\.vscode\\extensions\\uqbar.wollok-lsp-ide-0.5.3\\out\\server\\src\\server.js:7:6142)\n    at process.processImmediate (node:internal/timers:485:21)","timestamp":"2025-10-25T13:45:12.381Z"}
{"level":"error","message":"✘ Completions for node Variable ([21:2, 21:19] - pgmProgram.wpgm) failed: Error: listaImagen [Variable]{248bf9} at pgmProgram.wpgm:21 exhausted all cases without a match listaImagen [Variable]{248bf9} at pgmProgram.wpgm:21 exhausted all cases without a match","stack":"Error: listaImagen [Variable]{248bf9} at pgmProgram.wpgm:21 exhausted all cases without a match\n    at c:\\Users\\Usuario\\.vscode\\extensions\\uqbar.wollok-lsp-ide-0.5.3\\out\\server\\src\\server.js:38:6142\n    at D2 (c:\\Users\\Usuario\\.vscode\\extensions\\uqbar.wollok-lsp-ide-0.5.3\\out\\server\\src\\server.js:2384:42)\n    at c:\\Users\\Usuario\\.vscode\\extensions\\uqbar.wollok-lsp-ide-0.5.3\\out\\server\\src\\server.js:2384:2988\n    at c:\\Users\\Usuario\\.vscode\\extensions\\uqbar.wollok-lsp-ide-0.5.3\\out\\server\\src\\server.js:2393:8440\n    at c:\\Users\\Usuario\\.vscode\\extensions\\uqbar.wollok-lsp-ide-0.5.3\\out\\server\\src\\server.js:37:74872\n    at Ye (c:\\Users\\Usuario\\.vscode\\extensions\\uqbar.wollok-lsp-ide-0.5.3\\out\\server\\src\\server.js:7:8527)\n    at qt (c:\\Users\\Usuario\\.vscode\\extensions\\uqbar.wollok-lsp-ide-0.5.3\\out\\server\\src\\server.js:7:6189)\n    at ot (c:\\Users\\Usuario\\.vscode\\extensions\\uqbar.wollok-lsp-ide-0.5.3\\out\\server\\src\\server.js:7:6378)\n    at Immediate._onImmediate (c:\\Users\\Usuario\\.vscode\\extensions\\uqbar.wollok-lsp-ide-0.5.3\\out\\server\\src\\server.js:7:6142)\n    at process.processImmediate (node:internal/timers:485:21)","timestamp":"2025-10-25T13:45:12.554Z"}
{"level":"error","message":"✘ Completions for node Variable ([21:2, 21:20] - pgmProgram.wpgm) failed: Error: listaImagene [Variable]{0689d9} at pgmProgram.wpgm:21 exhausted all cases without a match listaImagene [Variable]{0689d9} at pgmProgram.wpgm:21 exhausted all cases without a match","stack":"Error: listaImagene [Variable]{0689d9} at pgmProgram.wpgm:21 exhausted all cases without a match\n    at c:\\Users\\Usuario\\.vscode\\extensions\\uqbar.wollok-lsp-ide-0.5.3\\out\\server\\src\\server.js:38:6142\n    at D2 (c:\\Users\\Usuario\\.vscode\\extensions\\uqbar.wollok-lsp-ide-0.5.3\\out\\server\\src\\server.js:2384:42)\n    at c:\\Users\\Usuario\\.vscode\\extensions\\uqbar.wollok-lsp-ide-0.5.3\\out\\server\\src\\server.js:2384:2988\n    at c:\\Users\\Usuario\\.vscode\\extensions\\uqbar.wollok-lsp-ide-0.5.3\\out\\server\\src\\server.js:2393:8440\n    at c:\\Users\\Usuario\\.vscode\\extensions\\uqbar.wollok-lsp-ide-0.5.3\\out\\server\\src\\server.js:37:74872\n    at Ye (c:\\Users\\Usuario\\.vscode\\extensions\\uqbar.wollok-lsp-ide-0.5.3\\out\\server\\src\\server.js:7:8527)\n    at qt (c:\\Users\\Usuario\\.vscode\\extensions\\uqbar.wollok-lsp-ide-0.5.3\\out\\server\\src\\server.js:7:6189)\n    at ot (c:\\Users\\Usuario\\.vscode\\extensions\\uqbar.wollok-lsp-ide-0.5.3\\out\\server\\src\\server.js:7:6378)\n    at Immediate._onImmediate (c:\\Users\\Usuario\\.vscode\\extensions\\uqbar.wollok-lsp-ide-0.5.3\\out\\server\\src\\server.js:7:6142)\n    at process.processImmediate (node:internal/timers:485:21)","timestamp":"2025-10-25T13:45:13.159Z"}
{"level":"error","message":"✘ Completions for node Variable ([21:2, 21:21] - pgmProgram.wpgm) failed: Error: listaImagenes [Variable]{3150a5} at pgmProgram.wpgm:21 exhausted all cases without a match listaImagenes [Variable]{3150a5} at pgmProgram.wpgm:21 exhausted all cases without a match","stack":"Error: listaImagenes [Variable]{3150a5} at pgmProgram.wpgm:21 exhausted all cases without a match\n    at c:\\Users\\Usuario\\.vscode\\extensions\\uqbar.wollok-lsp-ide-0.5.3\\out\\server\\src\\server.js:38:6142\n    at D2 (c:\\Users\\Usuario\\.vscode\\extensions\\uqbar.wollok-lsp-ide-0.5.3\\out\\server\\src\\server.js:2384:42)\n    at c:\\Users\\Usuario\\.vscode\\extensions\\uqbar.wollok-lsp-ide-0.5.3\\out\\server\\src\\server.js:2384:2988\n    at c:\\Users\\Usuario\\.vscode\\extensions\\uqbar.wollok-lsp-ide-0.5.3\\out\\server\\src\\server.js:2393:8440\n    at c:\\Users\\Usuario\\.vscode\\extensions\\uqbar.wollok-lsp-ide-0.5.3\\out\\server\\src\\server.js:37:74872\n    at Ye (c:\\Users\\Usuario\\.vscode\\extensions\\uqbar.wollok-lsp-ide-0.5.3\\out\\server\\src\\server.js:7:8527)\n    at qt (c:\\Users\\Usuario\\.vscode\\extensions\\uqbar.wollok-lsp-ide-0.5.3\\out\\server\\src\\server.js:7:6189)\n    at ot (c:\\Users\\Usuario\\.vscode\\extensions\\uqbar.wollok-lsp-ide-0.5.3\\out\\server\\src\\server.js:7:6378)\n    at Immediate._onImmediate (c:\\Users\\Usuario\\.vscode\\extensions\\uqbar.wollok-lsp-ide-0.5.3\\out\\server\\src\\server.js:7:6142)\n    at process.processImmediate (node:internal/timers:485:21)","timestamp":"2025-10-25T13:45:13.327Z"}
{"level":"info","message":"⌛ Validating pgmProgram.wpgm","timeElapsed":102,"timestamp":"2025-10-25T13:45:50.951Z"}
{"level":"error","message":"✘ Completions for node Send ([34:36, 34:51] - pgmProgram.wpgm) failed: Error: [Send]{b514d3} at pgmProgram.wpgm:34 exhausted all cases without a match [Send]{b514d3} at pgmProgram.wpgm:34 exhausted all cases without a match","stack":"Error: [Send]{b514d3} at pgmProgram.wpgm:34 exhausted all cases without a match\n    at c:\\Users\\Usuario\\.vscode\\extensions\\uqbar.wollok-lsp-ide-0.5.3\\out\\server\\src\\server.js:38:6142\n    at D2 (c:\\Users\\Usuario\\.vscode\\extensions\\uqbar.wollok-lsp-ide-0.5.3\\out\\server\\src\\server.js:2384:42)\n    at Qh (c:\\Users\\Usuario\\.vscode\\extensions\\uqbar.wollok-lsp-ide-0.5.3\\out\\server\\src\\server.js:2384:1092)\n    at k6n (c:\\Users\\Usuario\\.vscode\\extensions\\uqbar.wollok-lsp-ide-0.5.3\\out\\server\\src\\server.js:2384:1248)\n    at c:\\Users\\Usuario\\.vscode\\extensions\\uqbar.wollok-lsp-ide-0.5.3\\out\\server\\src\\server.js:38:6131\n    at D2 (c:\\Users\\Usuario\\.vscode\\extensions\\uqbar.wollok-lsp-ide-0.5.3\\out\\server\\src\\server.js:2384:42)\n    at c:\\Users\\Usuario\\.vscode\\extensions\\uqbar.wollok-lsp-ide-0.5.3\\out\\server\\src\\server.js:2384:2988\n    at c:\\Users\\Usuario\\.vscode\\extensions\\uqbar.wollok-lsp-ide-0.5.3\\out\\server\\src\\server.js:2393:8440\n    at c:\\Users\\Usuario\\.vscode\\extensions\\uqbar.wollok-lsp-ide-0.5.3\\out\\server\\src\\server.js:37:74872\n    at Ye (c:\\Users\\Usuario\\.vscode\\extensions\\uqbar.wollok-lsp-ide-0.5.3\\out\\server\\src\\server.js:7:8527)","timestamp":"2025-10-25T13:47:58.305Z"}
{"level":"error","message":"✘ Completions for node Return (undefined - pgmProgram.wpgm) failed: Error: [Return]{11dc27} at pgmProgram.wpgm:-- exhausted all cases without a match [Return]{11dc27} at pgmProgram.wpgm:-- exhausted all cases without a match","stack":"Error: [Return]{11dc27} at pgmProgram.wpgm:-- exhausted all cases without a match\n    at c:\\Users\\Usuario\\.vscode\\extensions\\uqbar.wollok-lsp-ide-0.5.3\\out\\server\\src\\server.js:38:6142\n    at D2 (c:\\Users\\Usuario\\.vscode\\extensions\\uqbar.wollok-lsp-ide-0.5.3\\out\\server\\src\\server.js:2384:42)\n    at Qh (c:\\Users\\Usuario\\.vscode\\extensions\\uqbar.wollok-lsp-ide-0.5.3\\out\\server\\src\\server.js:2384:1092)\n    at D2 (c:\\Users\\Usuario\\.vscode\\extensions\\uqbar.wollok-lsp-ide-0.5.3\\out\\server\\src\\server.js:2384:544)\n    at Qh (c:\\Users\\Usuario\\.vscode\\extensions\\uqbar.wollok-lsp-ide-0.5.3\\out\\server\\src\\server.js:2384:1092)\n    at k6n (c:\\Users\\Usuario\\.vscode\\extensions\\uqbar.wollok-lsp-ide-0.5.3\\out\\server\\src\\server.js:2384:1248)\n    at c:\\Users\\Usuario\\.vscode\\extensions\\uqbar.wollok-lsp-ide-0.5.3\\out\\server\\src\\server.js:38:6131\n    at D2 (c:\\Users\\Usuario\\.vscode\\extensions\\uqbar.wollok-lsp-ide-0.5.3\\out\\server\\src\\server.js:2384:42)\n    at c:\\Users\\Usuario\\.vscode\\extensions\\uqbar.wollok-lsp-ide-0.5.3\\out\\server\\src\\server.js:2384:2988\n    at c:\\Users\\Usuario\\.vscode\\extensions\\uqbar.wollok-lsp-ide-0.5.3\\out\\server\\src\\server.js:2393:8440","timestamp":"2025-10-25T13:47:58.305Z"}
{"level":"error","message":"✘ Completions for node Send ([34:36, 34:55] - pgmProgram.wpgm) failed: Error: [Send]{fe9f6c} at pgmProgram.wpgm:34 exhausted all cases without a match [Send]{fe9f6c} at pgmProgram.wpgm:34 exhausted all cases without a match","stack":"Error: [Send]{fe9f6c} at pgmProgram.wpgm:34 exhausted all cases without a match\n    at c:\\Users\\Usuario\\.vscode\\extensions\\uqbar.wollok-lsp-ide-0.5.3\\out\\server\\src\\server.js:38:6142\n    at D2 (c:\\Users\\Usuario\\.vscode\\extensions\\uqbar.wollok-lsp-ide-0.5.3\\out\\server\\src\\server.js:2384:42)\n    at Qh (c:\\Users\\Usuario\\.vscode\\extensions\\uqbar.wollok-lsp-ide-0.5.3\\out\\server\\src\\server.js:2384:1092)\n    at k6n (c:\\Users\\Usuario\\.vscode\\extensions\\uqbar.wollok-lsp-ide-0.5.3\\out\\server\\src\\server.js:2384:1248)\n    at c:\\Users\\Usuario\\.vscode\\extensions\\uqbar.wollok-lsp-ide-0.5.3\\out\\server\\src\\server.js:38:6131\n    at D2 (c:\\Users\\Usuario\\.vscode\\extensions\\uqbar.wollok-lsp-ide-0.5.3\\out\\server\\src\\server.js:2384:42)\n    at c:\\Users\\Usuario\\.vscode\\extensions\\uqbar.wollok-lsp-ide-0.5.3\\out\\server\\src\\server.js:2384:2988\n    at c:\\Users\\Usuario\\.vscode\\extensions\\uqbar.wollok-lsp-ide-0.5.3\\out\\server\\src\\server.js:2393:8440\n    at c:\\Users\\Usuario\\.vscode\\extensions\\uqbar.wollok-lsp-ide-0.5.3\\out\\server\\src\\server.js:37:74872\n    at Ye (c:\\Users\\Usuario\\.vscode\\extensions\\uqbar.wollok-lsp-ide-0.5.3\\out\\server\\src\\server.js:7:8527)","timestamp":"2025-10-25T13:47:59.068Z"}
{"level":"error","message":"✘ Completions for node Return (undefined - pgmProgram.wpgm) failed: Error: [Return]{e9381b} at pgmProgram.wpgm:-- exhausted all cases without a match [Return]{e9381b} at pgmProgram.wpgm:-- exhausted all cases without a match","stack":"Error: [Return]{e9381b} at pgmProgram.wpgm:-- exhausted all cases without a match\n    at c:\\Users\\Usuario\\.vscode\\extensions\\uqbar.wollok-lsp-ide-0.5.3\\out\\server\\src\\server.js:38:6142\n    at D2 (c:\\Users\\Usuario\\.vscode\\extensions\\uqbar.wollok-lsp-ide-0.5.3\\out\\server\\src\\server.js:2384:42)\n    at Qh (c:\\Users\\Usuario\\.vscode\\extensions\\uqbar.wollok-lsp-ide-0.5.3\\out\\server\\src\\server.js:2384:1092)\n    at D2 (c:\\Users\\Usuario\\.vscode\\extensions\\uqbar.wollok-lsp-ide-0.5.3\\out\\server\\src\\server.js:2384:544)\n    at Qh (c:\\Users\\Usuario\\.vscode\\extensions\\uqbar.wollok-lsp-ide-0.5.3\\out\\server\\src\\server.js:2384:1092)\n    at k6n (c:\\Users\\Usuario\\.vscode\\extensions\\uqbar.wollok-lsp-ide-0.5.3\\out\\server\\src\\server.js:2384:1248)\n    at c:\\Users\\Usuario\\.vscode\\extensions\\uqbar.wollok-lsp-ide-0.5.3\\out\\server\\src\\server.js:38:6131\n    at D2 (c:\\Users\\Usuario\\.vscode\\extensions\\uqbar.wollok-lsp-ide-0.5.3\\out\\server\\src\\server.js:2384:42)\n    at c:\\Users\\Usuario\\.vscode\\extensions\\uqbar.wollok-lsp-ide-0.5.3\\out\\server\\src\\server.js:2384:2988\n    at c:\\Users\\Usuario\\.vscode\\extensions\\uqbar.wollok-lsp-ide-0.5.3\\out\\server\\src\\server.js:2393:8440","timestamp":"2025-10-25T13:47:59.068Z"}
{"level":"error","message":"✘ Completions for node Send ([34:36, 34:56] - pgmProgram.wpgm) failed: Error: [Send]{005e22} at pgmProgram.wpgm:34 exhausted all cases without a match [Send]{005e22} at pgmProgram.wpgm:34 exhausted all cases without a match","stack":"Error: [Send]{005e22} at pgmProgram.wpgm:34 exhausted all cases without a match\n    at c:\\Users\\Usuario\\.vscode\\extensions\\uqbar.wollok-lsp-ide-0.5.3\\out\\server\\src\\server.js:38:6142\n    at D2 (c:\\Users\\Usuario\\.vscode\\extensions\\uqbar.wollok-lsp-ide-0.5.3\\out\\server\\src\\server.js:2384:42)\n    at Qh (c:\\Users\\Usuario\\.vscode\\extensions\\uqbar.wollok-lsp-ide-0.5.3\\out\\server\\src\\server.js:2384:1092)\n    at k6n (c:\\Users\\Usuario\\.vscode\\extensions\\uqbar.wollok-lsp-ide-0.5.3\\out\\server\\src\\server.js:2384:1248)\n    at c:\\Users\\Usuario\\.vscode\\extensions\\uqbar.wollok-lsp-ide-0.5.3\\out\\server\\src\\server.js:38:6131\n    at D2 (c:\\Users\\Usuario\\.vscode\\extensions\\uqbar.wollok-lsp-ide-0.5.3\\out\\server\\src\\server.js:2384:42)\n    at c:\\Users\\Usuario\\.vscode\\extensions\\uqbar.wollok-lsp-ide-0.5.3\\out\\server\\src\\server.js:2384:2988\n    at c:\\Users\\Usuario\\.vscode\\extensions\\uqbar.wollok-lsp-ide-0.5.3\\out\\server\\src\\server.js:2393:8440\n    at c:\\Users\\Usuario\\.vscode\\extensions\\uqbar.wollok-lsp-ide-0.5.3\\out\\server\\src\\server.js:37:74872\n    at Ye (c:\\Users\\Usuario\\.vscode\\extensions\\uqbar.wollok-lsp-ide-0.5.3\\out\\server\\src\\server.js:7:8527)","timestamp":"2025-10-25T13:48:02.299Z"}
{"level":"error","message":"✘ Completions for node Return (undefined - pgmProgram.wpgm) failed: Error: [Return]{fe6f20} at pgmProgram.wpgm:-- exhausted all cases without a match [Return]{fe6f20} at pgmProgram.wpgm:-- exhausted all cases without a match","stack":"Error: [Return]{fe6f20} at pgmProgram.wpgm:-- exhausted all cases without a match\n    at c:\\Users\\Usuario\\.vscode\\extensions\\uqbar.wollok-lsp-ide-0.5.3\\out\\server\\src\\server.js:38:6142\n    at D2 (c:\\Users\\Usuario\\.vscode\\extensions\\uqbar.wollok-lsp-ide-0.5.3\\out\\server\\src\\server.js:2384:42)\n    at Qh (c:\\Users\\Usuario\\.vscode\\extensions\\uqbar.wollok-lsp-ide-0.5.3\\out\\server\\src\\server.js:2384:1092)\n    at D2 (c:\\Users\\Usuario\\.vscode\\extensions\\uqbar.wollok-lsp-ide-0.5.3\\out\\server\\src\\server.js:2384:544)\n    at Qh (c:\\Users\\Usuario\\.vscode\\extensions\\uqbar.wollok-lsp-ide-0.5.3\\out\\server\\src\\server.js:2384:1092)\n    at k6n (c:\\Users\\Usuario\\.vscode\\extensions\\uqbar.wollok-lsp-ide-0.5.3\\out\\server\\src\\server.js:2384:1248)\n    at c:\\Users\\Usuario\\.vscode\\extensions\\uqbar.wollok-lsp-ide-0.5.3\\out\\server\\src\\server.js:38:6131\n    at D2 (c:\\Users\\Usuario\\.vscode\\extensions\\uqbar.wollok-lsp-ide-0.5.3\\out\\server\\src\\server.js:2384:42)\n    at c:\\Users\\Usuario\\.vscode\\extensions\\uqbar.wollok-lsp-ide-0.5.3\\out\\server\\src\\server.js:2384:2988\n    at c:\\Users\\Usuario\\.vscode\\extensions\\uqbar.wollok-lsp-ide-0.5.3\\out\\server\\src\\server.js:2393:8440","timestamp":"2025-10-25T13:48:02.299Z"}
{"level":"error","message":"✘ Completions for node Send ([34:36, 34:66] - pgmProgram.wpgm) failed: Error: [Send]{5a72ee} at pgmProgram.wpgm:34 exhausted all cases without a match [Send]{5a72ee} at pgmProgram.wpgm:34 exhausted all cases without a match","stack":"Error: [Send]{5a72ee} at pgmProgram.wpgm:34 exhausted all cases without a match\n    at c:\\Users\\Usuario\\.vscode\\extensions\\uqbar.wollok-lsp-ide-0.5.3\\out\\server\\src\\server.js:38:6142\n    at D2 (c:\\Users\\Usuario\\.vscode\\extensions\\uqbar.wollok-lsp-ide-0.5.3\\out\\server\\src\\server.js:2384:42)\n    at Qh (c:\\Users\\Usuario\\.vscode\\extensions\\uqbar.wollok-lsp-ide-0.5.3\\out\\server\\src\\server.js:2384:1092)\n    at k6n (c:\\Users\\Usuario\\.vscode\\extensions\\uqbar.wollok-lsp-ide-0.5.3\\out\\server\\src\\server.js:2384:1248)\n    at c:\\Users\\Usuario\\.vscode\\extensions\\uqbar.wollok-lsp-ide-0.5.3\\out\\server\\src\\server.js:38:6131\n    at D2 (c:\\Users\\Usuario\\.vscode\\extensions\\uqbar.wollok-lsp-ide-0.5.3\\out\\server\\src\\server.js:2384:42)\n    at c:\\Users\\Usuario\\.vscode\\extensions\\uqbar.wollok-lsp-ide-0.5.3\\out\\server\\src\\server.js:2384:2988\n    at c:\\Users\\Usuario\\.vscode\\extensions\\uqbar.wollok-lsp-ide-0.5.3\\out\\server\\src\\server.js:2393:8440\n    at c:\\Users\\Usuario\\.vscode\\extensions\\uqbar.wollok-lsp-ide-0.5.3\\out\\server\\src\\server.js:37:74872\n    at Ye (c:\\Users\\Usuario\\.vscode\\extensions\\uqbar.wollok-lsp-ide-0.5.3\\out\\server\\src\\server.js:7:8527)","timestamp":"2025-10-25T13:48:12.597Z"}
{"level":"error","message":"✘ Completions for node Return (undefined - pgmProgram.wpgm) failed: Error: [Return]{e8f5dc} at pgmProgram.wpgm:-- exhausted all cases without a match [Return]{e8f5dc} at pgmProgram.wpgm:-- exhausted all cases without a match","stack":"Error: [Return]{e8f5dc} at pgmProgram.wpgm:-- exhausted all cases without a match\n    at c:\\Users\\Usuario\\.vscode\\extensions\\uqbar.wollok-lsp-ide-0.5.3\\out\\server\\src\\server.js:38:6142\n    at D2 (c:\\Users\\Usuario\\.vscode\\extensions\\uqbar.wollok-lsp-ide-0.5.3\\out\\server\\src\\server.js:2384:42)\n    at Qh (c:\\Users\\Usuario\\.vscode\\extensions\\uqbar.wollok-lsp-ide-0.5.3\\out\\server\\src\\server.js:2384:1092)\n    at D2 (c:\\Users\\Usuario\\.vscode\\extensions\\uqbar.wollok-lsp-ide-0.5.3\\out\\server\\src\\server.js:2384:544)\n    at Qh (c:\\Users\\Usuario\\.vscode\\extensions\\uqbar.wollok-lsp-ide-0.5.3\\out\\server\\src\\server.js:2384:1092)\n    at k6n (c:\\Users\\Usuario\\.vscode\\extensions\\uqbar.wollok-lsp-ide-0.5.3\\out\\server\\src\\server.js:2384:1248)\n    at c:\\Users\\Usuario\\.vscode\\extensions\\uqbar.wollok-lsp-ide-0.5.3\\out\\server\\src\\server.js:38:6131\n    at D2 (c:\\Users\\Usuario\\.vscode\\extensions\\uqbar.wollok-lsp-ide-0.5.3\\out\\server\\src\\server.js:2384:42)\n    at c:\\Users\\Usuario\\.vscode\\extensions\\uqbar.wollok-lsp-ide-0.5.3\\out\\server\\src\\server.js:2384:2988\n    at c:\\Users\\Usuario\\.vscode\\extensions\\uqbar.wollok-lsp-ide-0.5.3\\out\\server\\src\\server.js:2393:8440","timestamp":"2025-10-25T13:48:12.597Z"}
{"level":"error","message":"✘ Completions for node Send ([34:36, 34:67] - pgmProgram.wpgm) failed: Error: [Send]{b3ca13} at pgmProgram.wpgm:34 exhausted all cases without a match [Send]{b3ca13} at pgmProgram.wpgm:34 exhausted all cases without a match","stack":"Error: [Send]{b3ca13} at pgmProgram.wpgm:34 exhausted all cases without a match\n    at c:\\Users\\Usuario\\.vscode\\extensions\\uqbar.wollok-lsp-ide-0.5.3\\out\\server\\src\\server.js:38:6142\n    at D2 (c:\\Users\\Usuario\\.vscode\\extensions\\uqbar.wollok-lsp-ide-0.5.3\\out\\server\\src\\server.js:2384:42)\n    at Qh (c:\\Users\\Usuario\\.vscode\\extensions\\uqbar.wollok-lsp-ide-0.5.3\\out\\server\\src\\server.js:2384:1092)\n    at k6n (c:\\Users\\Usuario\\.vscode\\extensions\\uqbar.wollok-lsp-ide-0.5.3\\out\\server\\src\\server.js:2384:1248)\n    at c:\\Users\\Usuario\\.vscode\\extensions\\uqbar.wollok-lsp-ide-0.5.3\\out\\server\\src\\server.js:38:6131\n    at D2 (c:\\Users\\Usuario\\.vscode\\extensions\\uqbar.wollok-lsp-ide-0.5.3\\out\\server\\src\\server.js:2384:42)\n    at c:\\Users\\Usuario\\.vscode\\extensions\\uqbar.wollok-lsp-ide-0.5.3\\out\\server\\src\\server.js:2384:2988\n    at c:\\Users\\Usuario\\.vscode\\extensions\\uqbar.wollok-lsp-ide-0.5.3\\out\\server\\src\\server.js:2393:8440\n    at c:\\Users\\Usuario\\.vscode\\extensions\\uqbar.wollok-lsp-ide-0.5.3\\out\\server\\src\\server.js:37:74872\n    at Ye (c:\\Users\\Usuario\\.vscode\\extensions\\uqbar.wollok-lsp-ide-0.5.3\\out\\server\\src\\server.js:7:8527)","timestamp":"2025-10-25T13:48:15.898Z"}
{"level":"error","message":"✘ Completions for node Return (undefined - pgmProgram.wpgm) failed: Error: [Return]{3c9ad6} at pgmProgram.wpgm:-- exhausted all cases without a match [Return]{3c9ad6} at pgmProgram.wpgm:-- exhausted all cases without a match","stack":"Error: [Return]{3c9ad6} at pgmProgram.wpgm:-- exhausted all cases without a match\n    at c:\\Users\\Usuario\\.vscode\\extensions\\uqbar.wollok-lsp-ide-0.5.3\\out\\server\\src\\server.js:38:6142\n    at D2 (c:\\Users\\Usuario\\.vscode\\extensions\\uqbar.wollok-lsp-ide-0.5.3\\out\\server\\src\\server.js:2384:42)\n    at Qh (c:\\Users\\Usuario\\.vscode\\extensions\\uqbar.wollok-lsp-ide-0.5.3\\out\\server\\src\\server.js:2384:1092)\n    at D2 (c:\\Users\\Usuario\\.vscode\\extensions\\uqbar.wollok-lsp-ide-0.5.3\\out\\server\\src\\server.js:2384:544)\n    at Qh (c:\\Users\\Usuario\\.vscode\\extensions\\uqbar.wollok-lsp-ide-0.5.3\\out\\server\\src\\server.js:2384:1092)\n    at k6n (c:\\Users\\Usuario\\.vscode\\extensions\\uqbar.wollok-lsp-ide-0.5.3\\out\\server\\src\\server.js:2384:1248)\n    at c:\\Users\\Usuario\\.vscode\\extensions\\uqbar.wollok-lsp-ide-0.5.3\\out\\server\\src\\server.js:38:6131\n    at D2 (c:\\Users\\Usuario\\.vscode\\extensions\\uqbar.wollok-lsp-ide-0.5.3\\out\\server\\src\\server.js:2384:42)\n    at c:\\Users\\Usuario\\.vscode\\extensions\\uqbar.wollok-lsp-ide-0.5.3\\out\\server\\src\\server.js:2384:2988\n    at c:\\Users\\Usuario\\.vscode\\extensions\\uqbar.wollok-lsp-ide-0.5.3\\out\\server\\src\\server.js:2393:8440","timestamp":"2025-10-25T13:48:15.898Z"}
{"level":"error","message":"✘ Completions for node Send ([34:36, 34:68] - pgmProgram.wpgm) failed: Error: [Send]{d1ac2d} at pgmProgram.wpgm:34 exhausted all cases without a match [Send]{d1ac2d} at pgmProgram.wpgm:34 exhausted all cases without a match","stack":"Error: [Send]{d1ac2d} at pgmProgram.wpgm:34 exhausted all cases without a match\n    at c:\\Users\\Usuario\\.vscode\\extensions\\uqbar.wollok-lsp-ide-0.5.3\\out\\server\\src\\server.js:38:6142\n    at D2 (c:\\Users\\Usuario\\.vscode\\extensions\\uqbar.wollok-lsp-ide-0.5.3\\out\\server\\src\\server.js:2384:42)\n    at Qh (c:\\Users\\Usuario\\.vscode\\extensions\\uqbar.wollok-lsp-ide-0.5.3\\out\\server\\src\\server.js:2384:1092)\n    at k6n (c:\\Users\\Usuario\\.vscode\\extensions\\uqbar.wollok-lsp-ide-0.5.3\\out\\server\\src\\server.js:2384:1248)\n    at c:\\Users\\Usuario\\.vscode\\extensions\\uqbar.wollok-lsp-ide-0.5.3\\out\\server\\src\\server.js:38:6131\n    at D2 (c:\\Users\\Usuario\\.vscode\\extensions\\uqbar.wollok-lsp-ide-0.5.3\\out\\server\\src\\server.js:2384:42)\n    at c:\\Users\\Usuario\\.vscode\\extensions\\uqbar.wollok-lsp-ide-0.5.3\\out\\server\\src\\server.js:2384:2988\n    at c:\\Users\\Usuario\\.vscode\\extensions\\uqbar.wollok-lsp-ide-0.5.3\\out\\server\\src\\server.js:2393:8440\n    at c:\\Users\\Usuario\\.vscode\\extensions\\uqbar.wollok-lsp-ide-0.5.3\\out\\server\\src\\server.js:37:74872\n    at Ye (c:\\Users\\Usuario\\.vscode\\extensions\\uqbar.wollok-lsp-ide-0.5.3\\out\\server\\src\\server.js:7:8527)","timestamp":"2025-10-25T13:48:17.887Z"}
{"level":"error","message":"✘ Completions for node Return (undefined - pgmProgram.wpgm) failed: Error: [Return]{ab5e1a} at pgmProgram.wpgm:-- exhausted all cases without a match [Return]{ab5e1a} at pgmProgram.wpgm:-- exhausted all cases without a match","stack":"Error: [Return]{ab5e1a} at pgmProgram.wpgm:-- exhausted all cases without a match\n    at c:\\Users\\Usuario\\.vscode\\extensions\\uqbar.wollok-lsp-ide-0.5.3\\out\\server\\src\\server.js:38:6142\n    at D2 (c:\\Users\\Usuario\\.vscode\\extensions\\uqbar.wollok-lsp-ide-0.5.3\\out\\server\\src\\server.js:2384:42)\n    at Qh (c:\\Users\\Usuario\\.vscode\\extensions\\uqbar.wollok-lsp-ide-0.5.3\\out\\server\\src\\server.js:2384:1092)\n    at D2 (c:\\Users\\Usuario\\.vscode\\extensions\\uqbar.wollok-lsp-ide-0.5.3\\out\\server\\src\\server.js:2384:544)\n    at Qh (c:\\Users\\Usuario\\.vscode\\extensions\\uqbar.wollok-lsp-ide-0.5.3\\out\\server\\src\\server.js:2384:1092)\n    at k6n (c:\\Users\\Usuario\\.vscode\\extensions\\uqbar.wollok-lsp-ide-0.5.3\\out\\server\\src\\server.js:2384:1248)\n    at c:\\Users\\Usuario\\.vscode\\extensions\\uqbar.wollok-lsp-ide-0.5.3\\out\\server\\src\\server.js:38:6131\n    at D2 (c:\\Users\\Usuario\\.vscode\\extensions\\uqbar.wollok-lsp-ide-0.5.3\\out\\server\\src\\server.js:2384:42)\n    at c:\\Users\\Usuario\\.vscode\\extensions\\uqbar.wollok-lsp-ide-0.5.3\\out\\server\\src\\server.js:2384:2988\n    at c:\\Users\\Usuario\\.vscode\\extensions\\uqbar.wollok-lsp-ide-0.5.3\\out\\server\\src\\server.js:2393:8440","timestamp":"2025-10-25T13:48:17.888Z"}
{"level":"error","message":"✘ Completions for node Send ([34:36, 34:69] - pgmProgram.wpgm) failed: Error: [Send]{e4ec6d} at pgmProgram.wpgm:34 exhausted all cases without a match [Send]{e4ec6d} at pgmProgram.wpgm:34 exhausted all cases without a match","stack":"Error: [Send]{e4ec6d} at pgmProgram.wpgm:34 exhausted all cases without a match\n    at c:\\Users\\Usuario\\.vscode\\extensions\\uqbar.wollok-lsp-ide-0.5.3\\out\\server\\src\\server.js:38:6142\n    at D2 (c:\\Users\\Usuario\\.vscode\\extensions\\uqbar.wollok-lsp-ide-0.5.3\\out\\server\\src\\server.js:2384:42)\n    at Qh (c:\\Users\\Usuario\\.vscode\\extensions\\uqbar.wollok-lsp-ide-0.5.3\\out\\server\\src\\server.js:2384:1092)\n    at k6n (c:\\Users\\Usuario\\.vscode\\extensions\\uqbar.wollok-lsp-ide-0.5.3\\out\\server\\src\\server.js:2384:1248)\n    at c:\\Users\\Usuario\\.vscode\\extensions\\uqbar.wollok-lsp-ide-0.5.3\\out\\server\\src\\server.js:38:6131\n    at D2 (c:\\Users\\Usuario\\.vscode\\extensions\\uqbar.wollok-lsp-ide-0.5.3\\out\\server\\src\\server.js:2384:42)\n    at c:\\Users\\Usuario\\.vscode\\extensions\\uqbar.wollok-lsp-ide-0.5.3\\out\\server\\src\\server.js:2384:2988\n    at c:\\Users\\Usuario\\.vscode\\extensions\\uqbar.wollok-lsp-ide-0.5.3\\out\\server\\src\\server.js:2393:8440\n    at c:\\Users\\Usuario\\.vscode\\extensions\\uqbar.wollok-lsp-ide-0.5.3\\out\\server\\src\\server.js:37:74872\n    at Ye (c:\\Users\\Usuario\\.vscode\\extensions\\uqbar.wollok-lsp-ide-0.5.3\\out\\server\\src\\server.js:7:8527)","timestamp":"2025-10-25T13:48:18.336Z"}
{"level":"error","message":"✘ Completions for node Return (undefined - pgmProgram.wpgm) failed: Error: [Return]{bfc94e} at pgmProgram.wpgm:-- exhausted all cases without a match [Return]{bfc94e} at pgmProgram.wpgm:-- exhausted all cases without a match","stack":"Error: [Return]{bfc94e} at pgmProgram.wpgm:-- exhausted all cases without a match\n    at c:\\Users\\Usuario\\.vscode\\extensions\\uqbar.wollok-lsp-ide-0.5.3\\out\\server\\src\\server.js:38:6142\n    at D2 (c:\\Users\\Usuario\\.vscode\\extensions\\uqbar.wollok-lsp-ide-0.5.3\\out\\server\\src\\server.js:2384:42)\n    at Qh (c:\\Users\\Usuario\\.vscode\\extensions\\uqbar.wollok-lsp-ide-0.5.3\\out\\server\\src\\server.js:2384:1092)\n    at D2 (c:\\Users\\Usuario\\.vscode\\extensions\\uqbar.wollok-lsp-ide-0.5.3\\out\\server\\src\\server.js:2384:544)\n    at Qh (c:\\Users\\Usuario\\.vscode\\extensions\\uqbar.wollok-lsp-ide-0.5.3\\out\\server\\src\\server.js:2384:1092)\n    at k6n (c:\\Users\\Usuario\\.vscode\\extensions\\uqbar.wollok-lsp-ide-0.5.3\\out\\server\\src\\server.js:2384:1248)\n    at c:\\Users\\Usuario\\.vscode\\extensions\\uqbar.wollok-lsp-ide-0.5.3\\out\\server\\src\\server.js:38:6131\n    at D2 (c:\\Users\\Usuario\\.vscode\\extensions\\uqbar.wollok-lsp-ide-0.5.3\\out\\server\\src\\server.js:2384:42)\n    at c:\\Users\\Usuario\\.vscode\\extensions\\uqbar.wollok-lsp-ide-0.5.3\\out\\server\\src\\server.js:2384:2988\n    at c:\\Users\\Usuario\\.vscode\\extensions\\uqbar.wollok-lsp-ide-0.5.3\\out\\server\\src\\server.js:2393:8440","timestamp":"2025-10-25T13:48:18.336Z"}
{"level":"error","message":"✘ Completions for node Send ([34:36, 34:70] - pgmProgram.wpgm) failed: Error: [Send]{e4b655} at pgmProgram.wpgm:34 exhausted all cases without a match [Send]{e4b655} at pgmProgram.wpgm:34 exhausted all cases without a match","stack":"Error: [Send]{e4b655} at pgmProgram.wpgm:34 exhausted all cases without a match\n    at c:\\Users\\Usuario\\.vscode\\extensions\\uqbar.wollok-lsp-ide-0.5.3\\out\\server\\src\\server.js:38:6142\n    at D2 (c:\\Users\\Usuario\\.vscode\\extensions\\uqbar.wollok-lsp-ide-0.5.3\\out\\server\\src\\server.js:2384:42)\n    at Qh (c:\\Users\\Usuario\\.vscode\\extensions\\uqbar.wollok-lsp-ide-0.5.3\\out\\server\\src\\server.js:2384:1092)\n    at k6n (c:\\Users\\Usuario\\.vscode\\extensions\\uqbar.wollok-lsp-ide-0.5.3\\out\\server\\src\\server.js:2384:1248)\n    at c:\\Users\\Usuario\\.vscode\\extensions\\uqbar.wollok-lsp-ide-0.5.3\\out\\server\\src\\server.js:38:6131\n    at D2 (c:\\Users\\Usuario\\.vscode\\extensions\\uqbar.wollok-lsp-ide-0.5.3\\out\\server\\src\\server.js:2384:42)\n    at c:\\Users\\Usuario\\.vscode\\extensions\\uqbar.wollok-lsp-ide-0.5.3\\out\\server\\src\\server.js:2384:2988\n    at c:\\Users\\Usuario\\.vscode\\extensions\\uqbar.wollok-lsp-ide-0.5.3\\out\\server\\src\\server.js:2393:8440\n    at c:\\Users\\Usuario\\.vscode\\extensions\\uqbar.wollok-lsp-ide-0.5.3\\out\\server\\src\\server.js:37:74872\n    at Ye (c:\\Users\\Usuario\\.vscode\\extensions\\uqbar.wollok-lsp-ide-0.5.3\\out\\server\\src\\server.js:7:8527)","timestamp":"2025-10-25T13:48:18.710Z"}
{"level":"error","message":"✘ Completions for node Return (undefined - pgmProgram.wpgm) failed: Error: [Return]{3f5e52} at pgmProgram.wpgm:-- exhausted all cases without a match [Return]{3f5e52} at pgmProgram.wpgm:-- exhausted all cases without a match","stack":"Error: [Return]{3f5e52} at pgmProgram.wpgm:-- exhausted all cases without a match\n    at c:\\Users\\Usuario\\.vscode\\extensions\\uqbar.wollok-lsp-ide-0.5.3\\out\\server\\src\\server.js:38:6142\n    at D2 (c:\\Users\\Usuario\\.vscode\\extensions\\uqbar.wollok-lsp-ide-0.5.3\\out\\server\\src\\server.js:2384:42)\n    at Qh (c:\\Users\\Usuario\\.vscode\\extensions\\uqbar.wollok-lsp-ide-0.5.3\\out\\server\\src\\server.js:2384:1092)\n    at D2 (c:\\Users\\Usuario\\.vscode\\extensions\\uqbar.wollok-lsp-ide-0.5.3\\out\\server\\src\\server.js:2384:544)\n    at Qh (c:\\Users\\Usuario\\.vscode\\extensions\\uqbar.wollok-lsp-ide-0.5.3\\out\\server\\src\\server.js:2384:1092)\n    at k6n (c:\\Users\\Usuario\\.vscode\\extensions\\uqbar.wollok-lsp-ide-0.5.3\\out\\server\\src\\server.js:2384:1248)\n    at c:\\Users\\Usuario\\.vscode\\extensions\\uqbar.wollok-lsp-ide-0.5.3\\out\\server\\src\\server.js:38:6131\n    at D2 (c:\\Users\\Usuario\\.vscode\\extensions\\uqbar.wollok-lsp-ide-0.5.3\\out\\server\\src\\server.js:2384:42)\n    at c:\\Users\\Usuario\\.vscode\\extensions\\uqbar.wollok-lsp-ide-0.5.3\\out\\server\\src\\server.js:2384:2988\n    at c:\\Users\\Usuario\\.vscode\\extensions\\uqbar.wollok-lsp-ide-0.5.3\\out\\server\\src\\server.js:2393:8440","timestamp":"2025-10-25T13:48:18.711Z"}
{"level":"info","message":"🚀 Program executed \u001b[3m\u001b[34mpgmProgram.pacmanGame\u001b[39m\u001b[23m on \u001b[3m\u001b[34mc:\\Users\\Usuario\\Desktop\\UnaHur\\objetos 1\\proyectosWollok\\pacmanbasicgame-LEsayago\u001b[39m\u001b[23m","ok":true,"timeElapsed":266,"timestamp":"2025-10-25T13:48:34.030Z"}
{"exitCode":"SIGHUP","level":"info","message":"👾 Game executed pgmProgram.pacmanGame on c:\\Users\\Usuario\\Desktop\\UnaHur\\objetos 1\\proyectosWollok\\pacmanbasicgame-LEsayago","timeElapsed":57094,"timestamp":"2025-10-25T13:49:30.857Z"}
{"level":"info","message":"⌛ Validating pgmProgram.wpgm","timeElapsed":106,"timestamp":"2025-10-25T13:50:55.581Z"}
{"level":"error","message":"✘ Failed to rebuild document Failed to parse pgmProgram.wpgm: \n-- PARSING FAILED --------------------------------------------------\n\n  35 | \t\t\t\t/\n  36 | \n> 37 | \t\t\t}\n     |    ^\n  38 | \t\t})\n  39 | \t}\n\nExpected one of the following: \n\nexpression, sentence\n","stack":"Error: Failed to parse pgmProgram.wpgm: \n-- PARSING FAILED --------------------------------------------------\n\n  35 | \t\t\t\t/\n  36 | \n> 37 | \t\t\t}\n     |    ^\n  38 | \t\t})\n  39 | \t}\n\nExpected one of the following: \n\nexpression, sentence\n\n    at c:\\Users\\Usuario\\.vscode\\extensions\\uqbar.wollok-lsp-ide-0.5.3\\out\\server\\src\\server.js:2348:13026\n    at Array.map (<anonymous>)\n    at W1n (c:\\Users\\Usuario\\.vscode\\extensions\\uqbar.wollok-lsp-ide-0.5.3\\out\\server\\src\\server.js:2348:12950)\n    at U2.buildEnvironmentFrom (c:\\Users\\Usuario\\.vscode\\extensions\\uqbar.wollok-lsp-ide-0.5.3\\out\\server\\src\\server.js:2393:5254)\n    at U2.updateEnvironmentWith (c:\\Users\\Usuario\\.vscode\\extensions\\uqbar.wollok-lsp-ide-0.5.3\\out\\server\\src\\server.js:2393:4989)\n    at JF (c:\\Users\\Usuario\\.vscode\\extensions\\uqbar.wollok-lsp-ide-0.5.3\\out\\server\\src\\server.js:2393:7383)\n    at F3.invoke (c:\\Users\\Usuario\\.vscode\\extensions\\uqbar.wollok-lsp-ide-0.5.3\\out\\server\\src\\server.js:3:157334)\n    at o.fire (c:\\Users\\Usuario\\.vscode\\extensions\\uqbar.wollok-lsp-ide-0.5.3\\out\\server\\src\\server.js:3:158104)\n    at c:\\Users\\Usuario\\.vscode\\extensions\\uqbar.wollok-lsp-ide-0.5.3\\out\\server\\src\\server.js:37:57871\n    at Zr (c:\\Users\\Usuario\\.vscode\\extensions\\uqbar.wollok-lsp-ide-0.5.3\\out\\server\\src\\server.js:8:1561)","timestamp":"2025-10-25T13:50:56.741Z"}
{"level":"info","message":"⌛ Validating pgmProgram.wpgm","timeElapsed":102,"timestamp":"2025-10-25T13:50:57.049Z"}
{"level":"info","message":"⌛ Validating pgmProgram.wpgm","timeElapsed":105,"timestamp":"2025-10-25T13:50:57.571Z"}
{"level":"info","message":"⌛ Building environment","timeElapsed":107,"timestamp":"2025-10-25T13:51:10.442Z"}
{"level":"error","message":"✘ Completions for node If ([29:4, 38:5] - pgmProgram.wpgm) failed: Error: [If]{a88c5c} at pgmProgram.wpgm:29 exhausted all cases without a match [If]{a88c5c} at pgmProgram.wpgm:29 exhausted all cases without a match","stack":"Error: [If]{a88c5c} at pgmProgram.wpgm:29 exhausted all cases without a match\n    at c:\\Users\\Usuario\\.vscode\\extensions\\uqbar.wollok-lsp-ide-0.5.3\\out\\server\\src\\server.js:38:6142\n    at D2 (c:\\Users\\Usuario\\.vscode\\extensions\\uqbar.wollok-lsp-ide-0.5.3\\out\\server\\src\\server.js:2384:42)\n    at Qh (c:\\Users\\Usuario\\.vscode\\extensions\\uqbar.wollok-lsp-ide-0.5.3\\out\\server\\src\\server.js:2384:1092)\n    at v6n (c:\\Users\\Usuario\\.vscode\\extensions\\uqbar.wollok-lsp-ide-0.5.3\\out\\server\\src\\server.js:2384:818)\n    at c:\\Users\\Usuario\\.vscode\\extensions\\uqbar.wollok-lsp-ide-0.5.3\\out\\server\\src\\server.js:38:6131\n    at D2 (c:\\Users\\Usuario\\.vscode\\extensions\\uqbar.wollok-lsp-ide-0.5.3\\out\\server\\src\\server.js:2384:42)\n    at Qh (c:\\Users\\Usuario\\.vscode\\extensions\\uqbar.wollok-lsp-ide-0.5.3\\out\\server\\src\\server.js:2384:1092)\n    at k6n (c:\\Users\\Usuario\\.vscode\\extensions\\uqbar.wollok-lsp-ide-0.5.3\\out\\server\\src\\server.js:2384:1248)\n    at c:\\Users\\Usuario\\.vscode\\extensions\\uqbar.wollok-lsp-ide-0.5.3\\out\\server\\src\\server.js:38:6131\n    at D2 (c:\\Users\\Usuario\\.vscode\\extensions\\uqbar.wollok-lsp-ide-0.5.3\\out\\server\\src\\server.js:2384:42)","timestamp":"2025-10-25T13:51:17.413Z"}
{"level":"error","message":"✘ Completions for node If ([29:4, 38:5] - pgmProgram.wpgm) failed: Error: [If]{a6f4f3} at pgmProgram.wpgm:29 exhausted all cases without a match [If]{a6f4f3} at pgmProgram.wpgm:29 exhausted all cases without a match","stack":"Error: [If]{a6f4f3} at pgmProgram.wpgm:29 exhausted all cases without a match\n    at c:\\Users\\Usuario\\.vscode\\extensions\\uqbar.wollok-lsp-ide-0.5.3\\out\\server\\src\\server.js:38:6142\n    at D2 (c:\\Users\\Usuario\\.vscode\\extensions\\uqbar.wollok-lsp-ide-0.5.3\\out\\server\\src\\server.js:2384:42)\n    at Qh (c:\\Users\\Usuario\\.vscode\\extensions\\uqbar.wollok-lsp-ide-0.5.3\\out\\server\\src\\server.js:2384:1092)\n    at v6n (c:\\Users\\Usuario\\.vscode\\extensions\\uqbar.wollok-lsp-ide-0.5.3\\out\\server\\src\\server.js:2384:818)\n    at c:\\Users\\Usuario\\.vscode\\extensions\\uqbar.wollok-lsp-ide-0.5.3\\out\\server\\src\\server.js:38:6131\n    at D2 (c:\\Users\\Usuario\\.vscode\\extensions\\uqbar.wollok-lsp-ide-0.5.3\\out\\server\\src\\server.js:2384:42)\n    at Qh (c:\\Users\\Usuario\\.vscode\\extensions\\uqbar.wollok-lsp-ide-0.5.3\\out\\server\\src\\server.js:2384:1092)\n    at k6n (c:\\Users\\Usuario\\.vscode\\extensions\\uqbar.wollok-lsp-ide-0.5.3\\out\\server\\src\\server.js:2384:1248)\n    at c:\\Users\\Usuario\\.vscode\\extensions\\uqbar.wollok-lsp-ide-0.5.3\\out\\server\\src\\server.js:38:6131\n    at D2 (c:\\Users\\Usuario\\.vscode\\extensions\\uqbar.wollok-lsp-ide-0.5.3\\out\\server\\src\\server.js:2384:42)","timestamp":"2025-10-25T13:51:19.578Z"}
{"level":"error","message":"✘ Completions for node If ([29:4, 38:5] - pgmProgram.wpgm) failed: Error: [If]{5096d9} at pgmProgram.wpgm:29 exhausted all cases without a match [If]{5096d9} at pgmProgram.wpgm:29 exhausted all cases without a match","stack":"Error: [If]{5096d9} at pgmProgram.wpgm:29 exhausted all cases without a match\n    at c:\\Users\\Usuario\\.vscode\\extensions\\uqbar.wollok-lsp-ide-0.5.3\\out\\server\\src\\server.js:38:6142\n    at D2 (c:\\Users\\Usuario\\.vscode\\extensions\\uqbar.wollok-lsp-ide-0.5.3\\out\\server\\src\\server.js:2384:42)\n    at Qh (c:\\Users\\Usuario\\.vscode\\extensions\\uqbar.wollok-lsp-ide-0.5.3\\out\\server\\src\\server.js:2384:1092)\n    at v6n (c:\\Users\\Usuario\\.vscode\\extensions\\uqbar.wollok-lsp-ide-0.5.3\\out\\server\\src\\server.js:2384:818)\n    at c:\\Users\\Usuario\\.vscode\\extensions\\uqbar.wollok-lsp-ide-0.5.3\\out\\server\\src\\server.js:38:6131\n    at D2 (c:\\Users\\Usuario\\.vscode\\extensions\\uqbar.wollok-lsp-ide-0.5.3\\out\\server\\src\\server.js:2384:42)\n    at Qh (c:\\Users\\Usuario\\.vscode\\extensions\\uqbar.wollok-lsp-ide-0.5.3\\out\\server\\src\\server.js:2384:1092)\n    at k6n (c:\\Users\\Usuario\\.vscode\\extensions\\uqbar.wollok-lsp-ide-0.5.3\\out\\server\\src\\server.js:2384:1248)\n    at c:\\Users\\Usuario\\.vscode\\extensions\\uqbar.wollok-lsp-ide-0.5.3\\out\\server\\src\\server.js:38:6131\n    at D2 (c:\\Users\\Usuario\\.vscode\\extensions\\uqbar.wollok-lsp-ide-0.5.3\\out\\server\\src\\server.js:2384:42)","timestamp":"2025-10-25T13:51:20.322Z"}
{"level":"error","message":"✘ Completions for node If ([29:4, 38:5] - pgmProgram.wpgm) failed: Error: [If]{361bf6} at pgmProgram.wpgm:29 exhausted all cases without a match [If]{361bf6} at pgmProgram.wpgm:29 exhausted all cases without a match","stack":"Error: [If]{361bf6} at pgmProgram.wpgm:29 exhausted all cases without a match\n    at c:\\Users\\Usuario\\.vscode\\extensions\\uqbar.wollok-lsp-ide-0.5.3\\out\\server\\src\\server.js:38:6142\n    at D2 (c:\\Users\\Usuario\\.vscode\\extensions\\uqbar.wollok-lsp-ide-0.5.3\\out\\server\\src\\server.js:2384:42)\n    at Qh (c:\\Users\\Usuario\\.vscode\\extensions\\uqbar.wollok-lsp-ide-0.5.3\\out\\server\\src\\server.js:2384:1092)\n    at v6n (c:\\Users\\Usuario\\.vscode\\extensions\\uqbar.wollok-lsp-ide-0.5.3\\out\\server\\src\\server.js:2384:818)\n    at c:\\Users\\Usuario\\.vscode\\extensions\\uqbar.wollok-lsp-ide-0.5.3\\out\\server\\src\\server.js:38:6131\n    at D2 (c:\\Users\\Usuario\\.vscode\\extensions\\uqbar.wollok-lsp-ide-0.5.3\\out\\server\\src\\server.js:2384:42)\n    at Qh (c:\\Users\\Usuario\\.vscode\\extensions\\uqbar.wollok-lsp-ide-0.5.3\\out\\server\\src\\server.js:2384:1092)\n    at k6n (c:\\Users\\Usuario\\.vscode\\extensions\\uqbar.wollok-lsp-ide-0.5.3\\out\\server\\src\\server.js:2384:1248)\n    at c:\\Users\\Usuario\\.vscode\\extensions\\uqbar.wollok-lsp-ide-0.5.3\\out\\server\\src\\server.js:38:6131\n    at D2 (c:\\Users\\Usuario\\.vscode\\extensions\\uqbar.wollok-lsp-ide-0.5.3\\out\\server\\src\\server.js:2384:42)","timestamp":"2025-10-25T13:51:20.497Z"}
{"level":"error","message":"✘ Completions for node If ([29:4, 38:5] - pgmProgram.wpgm) failed: Error: [If]{cb6bcc} at pgmProgram.wpgm:29 exhausted all cases without a match [If]{cb6bcc} at pgmProgram.wpgm:29 exhausted all cases without a match","stack":"Error: [If]{cb6bcc} at pgmProgram.wpgm:29 exhausted all cases without a match\n    at c:\\Users\\Usuario\\.vscode\\extensions\\uqbar.wollok-lsp-ide-0.5.3\\out\\server\\src\\server.js:38:6142\n    at D2 (c:\\Users\\Usuario\\.vscode\\extensions\\uqbar.wollok-lsp-ide-0.5.3\\out\\server\\src\\server.js:2384:42)\n    at Qh (c:\\Users\\Usuario\\.vscode\\extensions\\uqbar.wollok-lsp-ide-0.5.3\\out\\server\\src\\server.js:2384:1092)\n    at v6n (c:\\Users\\Usuario\\.vscode\\extensions\\uqbar.wollok-lsp-ide-0.5.3\\out\\server\\src\\server.js:2384:818)\n    at c:\\Users\\Usuario\\.vscode\\extensions\\uqbar.wollok-lsp-ide-0.5.3\\out\\server\\src\\server.js:38:6131\n    at D2 (c:\\Users\\Usuario\\.vscode\\extensions\\uqbar.wollok-lsp-ide-0.5.3\\out\\server\\src\\server.js:2384:42)\n    at Qh (c:\\Users\\Usuario\\.vscode\\extensions\\uqbar.wollok-lsp-ide-0.5.3\\out\\server\\src\\server.js:2384:1092)\n    at k6n (c:\\Users\\Usuario\\.vscode\\extensions\\uqbar.wollok-lsp-ide-0.5.3\\out\\server\\src\\server.js:2384:1248)\n    at c:\\Users\\Usuario\\.vscode\\extensions\\uqbar.wollok-lsp-ide-0.5.3\\out\\server\\src\\server.js:38:6131\n    at D2 (c:\\Users\\Usuario\\.vscode\\extensions\\uqbar.wollok-lsp-ide-0.5.3\\out\\server\\src\\server.js:2384:42)","timestamp":"2025-10-25T13:51:33.259Z"}
{"level":"error","message":"✘ Completions for node If ([29:4, 38:5] - pgmProgram.wpgm) failed: Error: [If]{0d9a01} at pgmProgram.wpgm:29 exhausted all cases without a match [If]{0d9a01} at pgmProgram.wpgm:29 exhausted all cases without a match","stack":"Error: [If]{0d9a01} at pgmProgram.wpgm:29 exhausted all cases without a match\n    at c:\\Users\\Usuario\\.vscode\\extensions\\uqbar.wollok-lsp-ide-0.5.3\\out\\server\\src\\server.js:38:6142\n    at D2 (c:\\Users\\Usuario\\.vscode\\extensions\\uqbar.wollok-lsp-ide-0.5.3\\out\\server\\src\\server.js:2384:42)\n    at Qh (c:\\Users\\Usuario\\.vscode\\extensions\\uqbar.wollok-lsp-ide-0.5.3\\out\\server\\src\\server.js:2384:1092)\n    at v6n (c:\\Users\\Usuario\\.vscode\\extensions\\uqbar.wollok-lsp-ide-0.5.3\\out\\server\\src\\server.js:2384:818)\n    at c:\\Users\\Usuario\\.vscode\\extensions\\uqbar.wollok-lsp-ide-0.5.3\\out\\server\\src\\server.js:38:6131\n    at D2 (c:\\Users\\Usuario\\.vscode\\extensions\\uqbar.wollok-lsp-ide-0.5.3\\out\\server\\src\\server.js:2384:42)\n    at Qh (c:\\Users\\Usuario\\.vscode\\extensions\\uqbar.wollok-lsp-ide-0.5.3\\out\\server\\src\\server.js:2384:1092)\n    at k6n (c:\\Users\\Usuario\\.vscode\\extensions\\uqbar.wollok-lsp-ide-0.5.3\\out\\server\\src\\server.js:2384:1248)\n    at c:\\Users\\Usuario\\.vscode\\extensions\\uqbar.wollok-lsp-ide-0.5.3\\out\\server\\src\\server.js:38:6131\n    at D2 (c:\\Users\\Usuario\\.vscode\\extensions\\uqbar.wollok-lsp-ide-0.5.3\\out\\server\\src\\server.js:2384:42)","timestamp":"2025-10-25T13:51:33.505Z"}
{"level":"error","message":"✘ Completions for node If ([29:4, 38:5] - pgmProgram.wpgm) failed: Error: [If]{b33a28} at pgmProgram.wpgm:29 exhausted all cases without a match [If]{b33a28} at pgmProgram.wpgm:29 exhausted all cases without a match","stack":"Error: [If]{b33a28} at pgmProgram.wpgm:29 exhausted all cases without a match\n    at c:\\Users\\Usuario\\.vscode\\extensions\\uqbar.wollok-lsp-ide-0.5.3\\out\\server\\src\\server.js:38:6142\n    at D2 (c:\\Users\\Usuario\\.vscode\\extensions\\uqbar.wollok-lsp-ide-0.5.3\\out\\server\\src\\server.js:2384:42)\n    at Qh (c:\\Users\\Usuario\\.vscode\\extensions\\uqbar.wollok-lsp-ide-0.5.3\\out\\server\\src\\server.js:2384:1092)\n    at v6n (c:\\Users\\Usuario\\.vscode\\extensions\\uqbar.wollok-lsp-ide-0.5.3\\out\\server\\src\\server.js:2384:818)\n    at c:\\Users\\Usuario\\.vscode\\extensions\\uqbar.wollok-lsp-ide-0.5.3\\out\\server\\src\\server.js:38:6131\n    at D2 (c:\\Users\\Usuario\\.vscode\\extensions\\uqbar.wollok-lsp-ide-0.5.3\\out\\server\\src\\server.js:2384:42)\n    at Qh (c:\\Users\\Usuario\\.vscode\\extensions\\uqbar.wollok-lsp-ide-0.5.3\\out\\server\\src\\server.js:2384:1092)\n    at k6n (c:\\Users\\Usuario\\.vscode\\extensions\\uqbar.wollok-lsp-ide-0.5.3\\out\\server\\src\\server.js:2384:1248)\n    at c:\\Users\\Usuario\\.vscode\\extensions\\uqbar.wollok-lsp-ide-0.5.3\\out\\server\\src\\server.js:38:6131\n    at D2 (c:\\Users\\Usuario\\.vscode\\extensions\\uqbar.wollok-lsp-ide-0.5.3\\out\\server\\src\\server.js:2384:42)","timestamp":"2025-10-25T13:51:33.756Z"}
{"level":"error","message":"✘ Completions for node If ([29:4, 38:5] - pgmProgram.wpgm) failed: Error: [If]{28c769} at pgmProgram.wpgm:29 exhausted all cases without a match [If]{28c769} at pgmProgram.wpgm:29 exhausted all cases without a match","stack":"Error: [If]{28c769} at pgmProgram.wpgm:29 exhausted all cases without a match\n    at c:\\Users\\Usuario\\.vscode\\extensions\\uqbar.wollok-lsp-ide-0.5.3\\out\\server\\src\\server.js:38:6142\n    at D2 (c:\\Users\\Usuario\\.vscode\\extensions\\uqbar.wollok-lsp-ide-0.5.3\\out\\server\\src\\server.js:2384:42)\n    at Qh (c:\\Users\\Usuario\\.vscode\\extensions\\uqbar.wollok-lsp-ide-0.5.3\\out\\server\\src\\server.js:2384:1092)\n    at v6n (c:\\Users\\Usuario\\.vscode\\extensions\\uqbar.wollok-lsp-ide-0.5.3\\out\\server\\src\\server.js:2384:818)\n    at c:\\Users\\Usuario\\.vscode\\extensions\\uqbar.wollok-lsp-ide-0.5.3\\out\\server\\src\\server.js:38:6131\n    at D2 (c:\\Users\\Usuario\\.vscode\\extensions\\uqbar.wollok-lsp-ide-0.5.3\\out\\server\\src\\server.js:2384:42)\n    at Qh (c:\\Users\\Usuario\\.vscode\\extensions\\uqbar.wollok-lsp-ide-0.5.3\\out\\server\\src\\server.js:2384:1092)\n    at k6n (c:\\Users\\Usuario\\.vscode\\extensions\\uqbar.wollok-lsp-ide-0.5.3\\out\\server\\src\\server.js:2384:1248)\n    at c:\\Users\\Usuario\\.vscode\\extensions\\uqbar.wollok-lsp-ide-0.5.3\\out\\server\\src\\server.js:38:6131\n    at D2 (c:\\Users\\Usuario\\.vscode\\extensions\\uqbar.wollok-lsp-ide-0.5.3\\out\\server\\src\\server.js:2384:42)","timestamp":"2025-10-25T13:51:34.120Z"}
{"level":"error","message":"✘ Completions for node If ([29:4, 38:5] - pgmProgram.wpgm) failed: Error: [If]{c515ed} at pgmProgram.wpgm:29 exhausted all cases without a match [If]{c515ed} at pgmProgram.wpgm:29 exhausted all cases without a match","stack":"Error: [If]{c515ed} at pgmProgram.wpgm:29 exhausted all cases without a match\n    at c:\\Users\\Usuario\\.vscode\\extensions\\uqbar.wollok-lsp-ide-0.5.3\\out\\server\\src\\server.js:38:6142\n    at D2 (c:\\Users\\Usuario\\.vscode\\extensions\\uqbar.wollok-lsp-ide-0.5.3\\out\\server\\src\\server.js:2384:42)\n    at Qh (c:\\Users\\Usuario\\.vscode\\extensions\\uqbar.wollok-lsp-ide-0.5.3\\out\\server\\src\\server.js:2384:1092)\n    at v6n (c:\\Users\\Usuario\\.vscode\\extensions\\uqbar.wollok-lsp-ide-0.5.3\\out\\server\\src\\server.js:2384:818)\n    at c:\\Users\\Usuario\\.vscode\\extensions\\uqbar.wollok-lsp-ide-0.5.3\\out\\server\\src\\server.js:38:6131\n    at D2 (c:\\Users\\Usuario\\.vscode\\extensions\\uqbar.wollok-lsp-ide-0.5.3\\out\\server\\src\\server.js:2384:42)\n    at Qh (c:\\Users\\Usuario\\.vscode\\extensions\\uqbar.wollok-lsp-ide-0.5.3\\out\\server\\src\\server.js:2384:1092)\n    at k6n (c:\\Users\\Usuario\\.vscode\\extensions\\uqbar.wollok-lsp-ide-0.5.3\\out\\server\\src\\server.js:2384:1248)\n    at c:\\Users\\Usuario\\.vscode\\extensions\\uqbar.wollok-lsp-ide-0.5.3\\out\\server\\src\\server.js:38:6131\n    at D2 (c:\\Users\\Usuario\\.vscode\\extensions\\uqbar.wollok-lsp-ide-0.5.3\\out\\server\\src\\server.js:2384:42)","timestamp":"2025-10-25T13:51:35.454Z"}
{"level":"error","message":"✘ Completions for node If ([29:4, 38:5] - pgmProgram.wpgm) failed: Error: [If]{b31e9f} at pgmProgram.wpgm:29 exhausted all cases without a match [If]{b31e9f} at pgmProgram.wpgm:29 exhausted all cases without a match","stack":"Error: [If]{b31e9f} at pgmProgram.wpgm:29 exhausted all cases without a match\n    at c:\\Users\\Usuario\\.vscode\\extensions\\uqbar.wollok-lsp-ide-0.5.3\\out\\server\\src\\server.js:38:6142\n    at D2 (c:\\Users\\Usuario\\.vscode\\extensions\\uqbar.wollok-lsp-ide-0.5.3\\out\\server\\src\\server.js:2384:42)\n    at Qh (c:\\Users\\Usuario\\.vscode\\extensions\\uqbar.wollok-lsp-ide-0.5.3\\out\\server\\src\\server.js:2384:1092)\n    at v6n (c:\\Users\\Usuario\\.vscode\\extensions\\uqbar.wollok-lsp-ide-0.5.3\\out\\server\\src\\server.js:2384:818)\n    at c:\\Users\\Usuario\\.vscode\\extensions\\uqbar.wollok-lsp-ide-0.5.3\\out\\server\\src\\server.js:38:6131\n    at D2 (c:\\Users\\Usuario\\.vscode\\extensions\\uqbar.wollok-lsp-ide-0.5.3\\out\\server\\src\\server.js:2384:42)\n    at Qh (c:\\Users\\Usuario\\.vscode\\extensions\\uqbar.wollok-lsp-ide-0.5.3\\out\\server\\src\\server.js:2384:1092)\n    at k6n (c:\\Users\\Usuario\\.vscode\\extensions\\uqbar.wollok-lsp-ide-0.5.3\\out\\server\\src\\server.js:2384:1248)\n    at c:\\Users\\Usuario\\.vscode\\extensions\\uqbar.wollok-lsp-ide-0.5.3\\out\\server\\src\\server.js:38:6131\n    at D2 (c:\\Users\\Usuario\\.vscode\\extensions\\uqbar.wollok-lsp-ide-0.5.3\\out\\server\\src\\server.js:2384:42)","timestamp":"2025-10-25T13:51:37.131Z"}
{"level":"error","message":"✘ Completions for node If ([29:4, 38:5] - pgmProgram.wpgm) failed: Error: [If]{169970} at pgmProgram.wpgm:29 exhausted all cases without a match [If]{169970} at pgmProgram.wpgm:29 exhausted all cases without a match","stack":"Error: [If]{169970} at pgmProgram.wpgm:29 exhausted all cases without a match\n    at c:\\Users\\Usuario\\.vscode\\extensions\\uqbar.wollok-lsp-ide-0.5.3\\out\\server\\src\\server.js:38:6142\n    at D2 (c:\\Users\\Usuario\\.vscode\\extensions\\uqbar.wollok-lsp-ide-0.5.3\\out\\server\\src\\server.js:2384:42)\n    at Qh (c:\\Users\\Usuario\\.vscode\\extensions\\uqbar.wollok-lsp-ide-0.5.3\\out\\server\\src\\server.js:2384:1092)\n    at v6n (c:\\Users\\Usuario\\.vscode\\extensions\\uqbar.wollok-lsp-ide-0.5.3\\out\\server\\src\\server.js:2384:818)\n    at c:\\Users\\Usuario\\.vscode\\extensions\\uqbar.wollok-lsp-ide-0.5.3\\out\\server\\src\\server.js:38:6131\n    at D2 (c:\\Users\\Usuario\\.vscode\\extensions\\uqbar.wollok-lsp-ide-0.5.3\\out\\server\\src\\server.js:2384:42)\n    at Qh (c:\\Users\\Usuario\\.vscode\\extensions\\uqbar.wollok-lsp-ide-0.5.3\\out\\server\\src\\server.js:2384:1092)\n    at k6n (c:\\Users\\Usuario\\.vscode\\extensions\\uqbar.wollok-lsp-ide-0.5.3\\out\\server\\src\\server.js:2384:1248)\n    at c:\\Users\\Usuario\\.vscode\\extensions\\uqbar.wollok-lsp-ide-0.5.3\\out\\server\\src\\server.js:38:6131\n    at D2 (c:\\Users\\Usuario\\.vscode\\extensions\\uqbar.wollok-lsp-ide-0.5.3\\out\\server\\src\\server.js:2384:42)","timestamp":"2025-10-25T13:51:37.283Z"}
{"level":"error","message":"✘ Completions for node If ([29:4, 38:5] - pgmProgram.wpgm) failed: Error: [If]{d8b75c} at pgmProgram.wpgm:29 exhausted all cases without a match [If]{d8b75c} at pgmProgram.wpgm:29 exhausted all cases without a match","stack":"Error: [If]{d8b75c} at pgmProgram.wpgm:29 exhausted all cases without a match\n    at c:\\Users\\Usuario\\.vscode\\extensions\\uqbar.wollok-lsp-ide-0.5.3\\out\\server\\src\\server.js:38:6142\n    at D2 (c:\\Users\\Usuario\\.vscode\\extensions\\uqbar.wollok-lsp-ide-0.5.3\\out\\server\\src\\server.js:2384:42)\n    at Qh (c:\\Users\\Usuario\\.vscode\\extensions\\uqbar.wollok-lsp-ide-0.5.3\\out\\server\\src\\server.js:2384:1092)\n    at v6n (c:\\Users\\Usuario\\.vscode\\extensions\\uqbar.wollok-lsp-ide-0.5.3\\out\\server\\src\\server.js:2384:818)\n    at c:\\Users\\Usuario\\.vscode\\extensions\\uqbar.wollok-lsp-ide-0.5.3\\out\\server\\src\\server.js:38:6131\n    at D2 (c:\\Users\\Usuario\\.vscode\\extensions\\uqbar.wollok-lsp-ide-0.5.3\\out\\server\\src\\server.js:2384:42)\n    at c:\\Users\\Usuario\\.vscode\\extensions\\uqbar.wollok-lsp-ide-0.5.3\\out\\server\\src\\server.js:2384:2988\n    at c:\\Users\\Usuario\\.vscode\\extensions\\uqbar.wollok-lsp-ide-0.5.3\\out\\server\\src\\server.js:2393:8440\n    at c:\\Users\\Usuario\\.vscode\\extensions\\uqbar.wollok-lsp-ide-0.5.3\\out\\server\\src\\server.js:37:74872\n    at Ye (c:\\Users\\Usuario\\.vscode\\extensions\\uqbar.wollok-lsp-ide-0.5.3\\out\\server\\src\\server.js:7:8527)","timestamp":"2025-10-25T13:51:42.787Z"}
{"level":"error","message":"✘ Completions for node If ([29:4, 38:5] - pgmProgram.wpgm) failed: Error: [If]{34a7ec} at pgmProgram.wpgm:29 exhausted all cases without a match [If]{34a7ec} at pgmProgram.wpgm:29 exhausted all cases without a match","stack":"Error: [If]{34a7ec} at pgmProgram.wpgm:29 exhausted all cases without a match\n    at c:\\Users\\Usuario\\.vscode\\extensions\\uqbar.wollok-lsp-ide-0.5.3\\out\\server\\src\\server.js:38:6142\n    at D2 (c:\\Users\\Usuario\\.vscode\\extensions\\uqbar.wollok-lsp-ide-0.5.3\\out\\server\\src\\server.js:2384:42)\n    at Qh (c:\\Users\\Usuario\\.vscode\\extensions\\uqbar.wollok-lsp-ide-0.5.3\\out\\server\\src\\server.js:2384:1092)\n    at v6n (c:\\Users\\Usuario\\.vscode\\extensions\\uqbar.wollok-lsp-ide-0.5.3\\out\\server\\src\\server.js:2384:818)\n    at c:\\Users\\Usuario\\.vscode\\extensions\\uqbar.wollok-lsp-ide-0.5.3\\out\\server\\src\\server.js:38:6131\n    at D2 (c:\\Users\\Usuario\\.vscode\\extensions\\uqbar.wollok-lsp-ide-0.5.3\\out\\server\\src\\server.js:2384:42)\n    at c:\\Users\\Usuario\\.vscode\\extensions\\uqbar.wollok-lsp-ide-0.5.3\\out\\server\\src\\server.js:2384:2988\n    at c:\\Users\\Usuario\\.vscode\\extensions\\uqbar.wollok-lsp-ide-0.5.3\\out\\server\\src\\server.js:2393:8440\n    at c:\\Users\\Usuario\\.vscode\\extensions\\uqbar.wollok-lsp-ide-0.5.3\\out\\server\\src\\server.js:37:74872\n    at Ye (c:\\Users\\Usuario\\.vscode\\extensions\\uqbar.wollok-lsp-ide-0.5.3\\out\\server\\src\\server.js:7:8527)","timestamp":"2025-10-25T13:51:43.945Z"}
{"level":"info","message":"⌛ Building environment","timeElapsed":106,"timestamp":"2025-10-25T13:51:46.048Z"}
{"level":"error","message":"✘ Completions for node Send ([35:4, 36:27] - pgmProgram.wpgm) failed: Error: [Send]{28fbc5} at pgmProgram.wpgm:35 exhausted all cases without a match [Send]{28fbc5} at pgmProgram.wpgm:35 exhausted all cases without a match","stack":"Error: [Send]{28fbc5} at pgmProgram.wpgm:35 exhausted all cases without a match\n    at c:\\Users\\Usuario\\.vscode\\extensions\\uqbar.wollok-lsp-ide-0.5.3\\out\\server\\src\\server.js:38:6142\n    at D2 (c:\\Users\\Usuario\\.vscode\\extensions\\uqbar.wollok-lsp-ide-0.5.3\\out\\server\\src\\server.js:2384:42)\n    at Qh (c:\\Users\\Usuario\\.vscode\\extensions\\uqbar.wollok-lsp-ide-0.5.3\\out\\server\\src\\server.js:2384:1092)\n    at k6n (c:\\Users\\Usuario\\.vscode\\extensions\\uqbar.wollok-lsp-ide-0.5.3\\out\\server\\src\\server.js:2384:1248)\n    at c:\\Users\\Usuario\\.vscode\\extensions\\uqbar.wollok-lsp-ide-0.5.3\\out\\server\\src\\server.js:38:6131\n    at D2 (c:\\Users\\Usuario\\.vscode\\extensions\\uqbar.wollok-lsp-ide-0.5.3\\out\\server\\src\\server.js:2384:42)\n    at c:\\Users\\Usuario\\.vscode\\extensions\\uqbar.wollok-lsp-ide-0.5.3\\out\\server\\src\\server.js:2384:2988\n    at c:\\Users\\Usuario\\.vscode\\extensions\\uqbar.wollok-lsp-ide-0.5.3\\out\\server\\src\\server.js:2393:8440\n    at c:\\Users\\Usuario\\.vscode\\extensions\\uqbar.wollok-lsp-ide-0.5.3\\out\\server\\src\\server.js:37:74872\n    at Ye (c:\\Users\\Usuario\\.vscode\\extensions\\uqbar.wollok-lsp-ide-0.5.3\\out\\server\\src\\server.js:7:8527)","timestamp":"2025-10-25T13:51:49.093Z"}
{"level":"error","message":"✘ Completions for node If ([29:4, 38:5] - pgmProgram.wpgm) failed: Error: [If]{308b30} at pgmProgram.wpgm:29 exhausted all cases without a match [If]{308b30} at pgmProgram.wpgm:29 exhausted all cases without a match","stack":"Error: [If]{308b30} at pgmProgram.wpgm:29 exhausted all cases without a match\n    at c:\\Users\\Usuario\\.vscode\\extensions\\uqbar.wollok-lsp-ide-0.5.3\\out\\server\\src\\server.js:38:6142\n    at D2 (c:\\Users\\Usuario\\.vscode\\extensions\\uqbar.wollok-lsp-ide-0.5.3\\out\\server\\src\\server.js:2384:42)\n    at Qh (c:\\Users\\Usuario\\.vscode\\extensions\\uqbar.wollok-lsp-ide-0.5.3\\out\\server\\src\\server.js:2384:1092)\n    at v6n (c:\\Users\\Usuario\\.vscode\\extensions\\uqbar.wollok-lsp-ide-0.5.3\\out\\server\\src\\server.js:2384:818)\n    at c:\\Users\\Usuario\\.vscode\\extensions\\uqbar.wollok-lsp-ide-0.5.3\\out\\server\\src\\server.js:38:6131\n    at D2 (c:\\Users\\Usuario\\.vscode\\extensions\\uqbar.wollok-lsp-ide-0.5.3\\out\\server\\src\\server.js:2384:42)\n    at Qh (c:\\Users\\Usuario\\.vscode\\extensions\\uqbar.wollok-lsp-ide-0.5.3\\out\\server\\src\\server.js:2384:1092)\n    at D2 (c:\\Users\\Usuario\\.vscode\\extensions\\uqbar.wollok-lsp-ide-0.5.3\\out\\server\\src\\server.js:2384:544)\n    at Qh (c:\\Users\\Usuario\\.vscode\\extensions\\uqbar.wollok-lsp-ide-0.5.3\\out\\server\\src\\server.js:2384:1092)\n    at k6n (c:\\Users\\Usuario\\.vscode\\extensions\\uqbar.wollok-lsp-ide-0.5.3\\out\\server\\src\\server.js:2384:1248)","timestamp":"2025-10-25T13:51:49.093Z"}
{"level":"info","message":"⌛ Building environment","timeElapsed":101,"timestamp":"2025-10-25T13:52:01.268Z"}
{"level":"error","message":"✘ Failed to rebuild document Failed to parse pgmProgram.wpgm: \n-- PARSING FAILED --------------------------------------------------\n\n  43 | \tgame.start()\n  44 | \t\n> 45 | }\n     | ^\n\nExpected one of the following: \n\n'@', 'class', 'const', 'describe', 'mixin', 'object', 'only', 'package', 'program', 'test', 'var', '{', EOF, comment, not \"}\", whitespace\n","stack":"Error: Failed to parse pgmProgram.wpgm: \n-- PARSING FAILED --------------------------------------------------\n\n  43 | \tgame.start()\n  44 | \t\n> 45 | }\n     | ^\n\nExpected one of the following: \n\n'@', 'class', 'const', 'describe', 'mixin', 'object', 'only', 'package', 'program', 'test', 'var', '{', EOF, comment, not \"}\", whitespace\n\n    at c:\\Users\\Usuario\\.vscode\\extensions\\uqbar.wollok-lsp-ide-0.5.3\\out\\server\\src\\server.js:2348:13026\n    at Array.map (<anonymous>)\n    at W1n (c:\\Users\\Usuario\\.vscode\\extensions\\uqbar.wollok-lsp-ide-0.5.3\\out\\server\\src\\server.js:2348:12950)\n    at U2.buildEnvironmentFrom (c:\\Users\\Usuario\\.vscode\\extensions\\uqbar.wollok-lsp-ide-0.5.3\\out\\server\\src\\server.js:2393:5254)\n    at U2.updateEnvironmentWith (c:\\Users\\Usuario\\.vscode\\extensions\\uqbar.wollok-lsp-ide-0.5.3\\out\\server\\src\\server.js:2393:4989)\n    at JF (c:\\Users\\Usuario\\.vscode\\extensions\\uqbar.wollok-lsp-ide-0.5.3\\out\\server\\src\\server.js:2393:7383)\n    at F3.invoke (c:\\Users\\Usuario\\.vscode\\extensions\\uqbar.wollok-lsp-ide-0.5.3\\out\\server\\src\\server.js:3:157334)\n    at o.fire (c:\\Users\\Usuario\\.vscode\\extensions\\uqbar.wollok-lsp-ide-0.5.3\\out\\server\\src\\server.js:3:158104)\n    at c:\\Users\\Usuario\\.vscode\\extensions\\uqbar.wollok-lsp-ide-0.5.3\\out\\server\\src\\server.js:37:57871\n    at Zr (c:\\Users\\Usuario\\.vscode\\extensions\\uqbar.wollok-lsp-ide-0.5.3\\out\\server\\src\\server.js:8:1561)","timestamp":"2025-10-25T13:52:14.944Z"}
{"level":"error","message":"✘ Failed to rebuild document Failed to parse pgmProgram.wpgm: \n-- PARSING FAILED --------------------------------------------------\n\n  43 | \tgame.start()\n  44 | \t\n> 45 | }\n     | ^\n\nExpected one of the following: \n\n'@', 'class', 'const', 'describe', 'mixin', 'object', 'only', 'package', 'program', 'test', 'var', '{', EOF, comment, not \"}\", whitespace\n","stack":"Error: Failed to parse pgmProgram.wpgm: \n-- PARSING FAILED --------------------------------------------------\n\n  43 | \tgame.start()\n  44 | \t\n> 45 | }\n     | ^\n\nExpected one of the following: \n\n'@', 'class', 'const', 'describe', 'mixin', 'object', 'only', 'package', 'program', 'test', 'var', '{', EOF, comment, not \"}\", whitespace\n\n    at c:\\Users\\Usuario\\.vscode\\extensions\\uqbar.wollok-lsp-ide-0.5.3\\out\\server\\src\\server.js:2348:13026\n    at Array.map (<anonymous>)\n    at W1n (c:\\Users\\Usuario\\.vscode\\extensions\\uqbar.wollok-lsp-ide-0.5.3\\out\\server\\src\\server.js:2348:12950)\n    at U2.buildEnvironmentFrom (c:\\Users\\Usuario\\.vscode\\extensions\\uqbar.wollok-lsp-ide-0.5.3\\out\\server\\src\\server.js:2393:5254)\n    at U2.updateEnvironmentWith (c:\\Users\\Usuario\\.vscode\\extensions\\uqbar.wollok-lsp-ide-0.5.3\\out\\server\\src\\server.js:2393:4989)\n    at JF (c:\\Users\\Usuario\\.vscode\\extensions\\uqbar.wollok-lsp-ide-0.5.3\\out\\server\\src\\server.js:2393:7383)\n    at F3.invoke (c:\\Users\\Usuario\\.vscode\\extensions\\uqbar.wollok-lsp-ide-0.5.3\\out\\server\\src\\server.js:3:157334)\n    at o.fire (c:\\Users\\Usuario\\.vscode\\extensions\\uqbar.wollok-lsp-ide-0.5.3\\out\\server\\src\\server.js:3:158104)\n    at c:\\Users\\Usuario\\.vscode\\extensions\\uqbar.wollok-lsp-ide-0.5.3\\out\\server\\src\\server.js:37:57871\n    at Zr (c:\\Users\\Usuario\\.vscode\\extensions\\uqbar.wollok-lsp-ide-0.5.3\\out\\server\\src\\server.js:8:1561)","timestamp":"2025-10-25T13:52:21.556Z"}
{"level":"error","message":"✘ Failed to rebuild document Failed to parse pgmProgram.wpgm: \n-- PARSING FAILED --------------------------------------------------\n\n  34 | \t\t\t\tgame.onTick(5000, \"gameEnd\", { pacman.image(listaImagenes.anyOne()) })\n  35 | \t\t\t\t/\n> 36 | \t\t\t\t/ despues de tanto tiempo remuieve un ontic\n     |     ^\n  37 | \t\t\t\tgame.schedule(5000, {game.removeTickEvent(\"gameEnd\")})\n  38 | \n\nExpected one of the following: \n\nexpression, sentence\n","stack":"Error: Failed to parse pgmProgram.wpgm: \n-- PARSING FAILED --------------------------------------------------\n\n  34 | \t\t\t\tgame.onTick(5000, \"gameEnd\", { pacman.image(listaImagenes.anyOne()) })\n  35 | \t\t\t\t/\n> 36 | \t\t\t\t/ despues de tanto tiempo remuieve un ontic\n     |     ^\n  37 | \t\t\t\tgame.schedule(5000, {game.removeTickEvent(\"gameEnd\")})\n  38 | \n\nExpected one of the following: \n\nexpression, sentence\n\n    at c:\\Users\\Usuario\\.vscode\\extensions\\uqbar.wollok-lsp-ide-0.5.3\\out\\server\\src\\server.js:2348:13026\n    at Array.map (<anonymous>)\n    at W1n (c:\\Users\\Usuario\\.vscode\\extensions\\uqbar.wollok-lsp-ide-0.5.3\\out\\server\\src\\server.js:2348:12950)\n    at U2.buildEnvironmentFrom (c:\\Users\\Usuario\\.vscode\\extensions\\uqbar.wollok-lsp-ide-0.5.3\\out\\server\\src\\server.js:2393:5254)\n    at U2.updateEnvironmentWith (c:\\Users\\Usuario\\.vscode\\extensions\\uqbar.wollok-lsp-ide-0.5.3\\out\\server\\src\\server.js:2393:4989)\n    at JF (c:\\Users\\Usuario\\.vscode\\extensions\\uqbar.wollok-lsp-ide-0.5.3\\out\\server\\src\\server.js:2393:7383)\n    at F3.invoke (c:\\Users\\Usuario\\.vscode\\extensions\\uqbar.wollok-lsp-ide-0.5.3\\out\\server\\src\\server.js:3:157334)\n    at o.fire (c:\\Users\\Usuario\\.vscode\\extensions\\uqbar.wollok-lsp-ide-0.5.3\\out\\server\\src\\server.js:3:158104)\n    at c:\\Users\\Usuario\\.vscode\\extensions\\uqbar.wollok-lsp-ide-0.5.3\\out\\server\\src\\server.js:37:57871\n    at Zr (c:\\Users\\Usuario\\.vscode\\extensions\\uqbar.wollok-lsp-ide-0.5.3\\out\\server\\src\\server.js:8:1561)","timestamp":"2025-10-25T13:52:46.289Z"}
{"level":"info","message":"🚀 Program executed \u001b[3m\u001b[34mpgmProgram.pacmanGame\u001b[39m\u001b[23m on \u001b[3m\u001b[34mc:\\Users\\Usuario\\Desktop\\UnaHur\\objetos 1\\proyectosWollok\\pacmanbasicgame-LEsayago\u001b[39m\u001b[23m","ok":true,"timeElapsed":268,"timestamp":"2025-10-25T13:52:54.963Z"}
{"exitCode":"SIGHUP","level":"info","message":"👾 Game executed pgmProgram.pacmanGame on c:\\Users\\Usuario\\Desktop\\UnaHur\\objetos 1\\proyectosWollok\\pacmanbasicgame-LEsayago","timeElapsed":43301,"timestamp":"2025-10-25T13:53:37.995Z"}
{"level":"info","message":"⌛ Validating pgmProgram.wpgm","timeElapsed":104,"timestamp":"2025-10-25T13:55:28.166Z"}
{"level":"error","message":"✘ Completions for node Return (undefined - pgmProgram.wpgm) failed: Error: [Return]{1c67c6} at pgmProgram.wpgm:-- exhausted all cases without a match [Return]{1c67c6} at pgmProgram.wpgm:-- exhausted all cases without a match","stack":"Error: [Return]{1c67c6} at pgmProgram.wpgm:-- exhausted all cases without a match\n    at c:\\Users\\Usuario\\.vscode\\extensions\\uqbar.wollok-lsp-ide-0.5.3\\out\\server\\src\\server.js:38:6142\n    at D2 (c:\\Users\\Usuario\\.vscode\\extensions\\uqbar.wollok-lsp-ide-0.5.3\\out\\server\\src\\server.js:2384:42)\n    at Qh (c:\\Users\\Usuario\\.vscode\\extensions\\uqbar.wollok-lsp-ide-0.5.3\\out\\server\\src\\server.js:2384:1092)\n    at k6n (c:\\Users\\Usuario\\.vscode\\extensions\\uqbar.wollok-lsp-ide-0.5.3\\out\\server\\src\\server.js:2384:1248)\n    at c:\\Users\\Usuario\\.vscode\\extensions\\uqbar.wollok-lsp-ide-0.5.3\\out\\server\\src\\server.js:38:6131\n    at D2 (c:\\Users\\Usuario\\.vscode\\extensions\\uqbar.wollok-lsp-ide-0.5.3\\out\\server\\src\\server.js:2384:42)\n    at c:\\Users\\Usuario\\.vscode\\extensions\\uqbar.wollok-lsp-ide-0.5.3\\out\\server\\src\\server.js:2384:2988\n    at c:\\Users\\Usuario\\.vscode\\extensions\\uqbar.wollok-lsp-ide-0.5.3\\out\\server\\src\\server.js:2393:8440\n    at c:\\Users\\Usuario\\.vscode\\extensions\\uqbar.wollok-lsp-ide-0.5.3\\out\\server\\src\\server.js:37:74872\n    at Ye (c:\\Users\\Usuario\\.vscode\\extensions\\uqbar.wollok-lsp-ide-0.5.3\\out\\server\\src\\server.js:7:8527)","timestamp":"2025-10-25T13:55:30.571Z"}
{"level":"info","message":"🚀 Program executed \u001b[3m\u001b[34mpgmProgram.pacmanGame\u001b[39m\u001b[23m on \u001b[3m\u001b[34mc:\\Users\\Usuario\\Desktop\\UnaHur\\objetos 1\\proyectosWollok\\pacmanbasicgame-LEsayago\u001b[39m\u001b[23m","ok":true,"timeElapsed":277,"timestamp":"2025-10-25T13:55:48.418Z"}
{"exitCode":0,"level":"info","message":"👾 Game executed pgmProgram.pacmanGame on c:\\Users\\Usuario\\Desktop\\UnaHur\\objetos 1\\proyectosWollok\\pacmanbasicgame-LEsayago","timeElapsed":19788,"timestamp":"2025-10-25T13:56:07.928Z"}
{"level":"info","message":"⌛ Validating pgmProgram.wpgm","timeElapsed":104,"timestamp":"2025-10-25T13:56:30.698Z"}
{"level":"info","message":"⌛ Validating pgmProgram.wpgm","timeElapsed":107,"timestamp":"2025-10-25T13:59:39.276Z"}
{"level":"info","message":"⌛ Validating example.wlk","timeElapsed":102,"timestamp":"2025-10-25T14:00:31.209Z"}
{"level":"info","message":"⌛ Validating example.wlk","timeElapsed":112,"timestamp":"2025-10-25T14:00:33.595Z"}
{"level":"error","message":"✘ Failed to rebuild document Failed to parse example.wlk: \n-- PARSING FAILED --------------------------------------------------\n\n  13 | \t\n  14 | \tmethod juegoTerminado() = vidas == 0\n> 15 | }\n     | ^\n  16 | \n  17 | object cherry {\n\nExpected one of the following: \n\n'@', 'class', 'const', 'describe', 'mixin', 'object', 'only', 'package', 'program', 'test', 'var', '{', EOF, comment, not \"}\r\n\r\n\", whitespace\n","stack":"Error: Failed to parse example.wlk: \n-- PARSING FAILED --------------------------------------------------\n\n  13 | \t\n  14 | \tmethod juegoTerminado() = vidas == 0\n> 15 | }\n     | ^\n  16 | \n  17 | object cherry {\n\nExpected one of the following: \n\n'@', 'class', 'const', 'describe', 'mixin', 'object', 'only', 'package', 'program', 'test', 'var', '{', EOF, comment, not \"}\r\n\r\n\", whitespace\n\n    at c:\\Users\\Usuario\\.vscode\\extensions\\uqbar.wollok-lsp-ide-0.5.3\\out\\server\\src\\server.js:2348:13026\n    at Array.map (<anonymous>)\n    at W1n (c:\\Users\\Usuario\\.vscode\\extensions\\uqbar.wollok-lsp-ide-0.5.3\\out\\server\\src\\server.js:2348:12950)\n    at U2.buildEnvironmentFrom (c:\\Users\\Usuario\\.vscode\\extensions\\uqbar.wollok-lsp-ide-0.5.3\\out\\server\\src\\server.js:2393:5254)\n    at U2.updateEnvironmentWith (c:\\Users\\Usuario\\.vscode\\extensions\\uqbar.wollok-lsp-ide-0.5.3\\out\\server\\src\\server.js:2393:4989)\n    at JF (c:\\Users\\Usuario\\.vscode\\extensions\\uqbar.wollok-lsp-ide-0.5.3\\out\\server\\src\\server.js:2393:7383)\n    at F3.invoke (c:\\Users\\Usuario\\.vscode\\extensions\\uqbar.wollok-lsp-ide-0.5.3\\out\\server\\src\\server.js:3:157334)\n    at o.fire (c:\\Users\\Usuario\\.vscode\\extensions\\uqbar.wollok-lsp-ide-0.5.3\\out\\server\\src\\server.js:3:158104)\n    at c:\\Users\\Usuario\\.vscode\\extensions\\uqbar.wollok-lsp-ide-0.5.3\\out\\server\\src\\server.js:37:57871\n    at Zr (c:\\Users\\Usuario\\.vscode\\extensions\\uqbar.wollok-lsp-ide-0.5.3\\out\\server\\src\\server.js:8:1561)","timestamp":"2025-10-25T14:00:37.976Z"}
{"level":"error","message":"✘ Failed to rebuild document Failed to parse example.wlk: \n-- PARSING FAILED --------------------------------------------------\n\n  13 | \t\n  14 | \tmethod juegoTerminado() = vidas == 0\n> 15 | }\n     | ^\n  16 | \n  17 | object cherry {\n\nExpected one of the following: \n\n'@', 'class', 'const', 'describe', 'mixin', 'object', 'only', 'package', 'program', 'test', 'var', '{', EOF, comment, not \"}\r\n\r\n\", whitespace\n","stack":"Error: Failed to parse example.wlk: \n-- PARSING FAILED --------------------------------------------------\n\n  13 | \t\n  14 | \tmethod juegoTerminado() = vidas == 0\n> 15 | }\n     | ^\n  16 | \n  17 | object cherry {\n\nExpected one of the following: \n\n'@', 'class', 'const', 'describe', 'mixin', 'object', 'only', 'package', 'program', 'test', 'var', '{', EOF, comment, not \"}\r\n\r\n\", whitespace\n\n    at c:\\Users\\Usuario\\.vscode\\extensions\\uqbar.wollok-lsp-ide-0.5.3\\out\\server\\src\\server.js:2348:13026\n    at Array.map (<anonymous>)\n    at W1n (c:\\Users\\Usuario\\.vscode\\extensions\\uqbar.wollok-lsp-ide-0.5.3\\out\\server\\src\\server.js:2348:12950)\n    at U2.buildEnvironmentFrom (c:\\Users\\Usuario\\.vscode\\extensions\\uqbar.wollok-lsp-ide-0.5.3\\out\\server\\src\\server.js:2393:5254)\n    at U2.updateEnvironmentWith (c:\\Users\\Usuario\\.vscode\\extensions\\uqbar.wollok-lsp-ide-0.5.3\\out\\server\\src\\server.js:2393:4989)\n    at JF (c:\\Users\\Usuario\\.vscode\\extensions\\uqbar.wollok-lsp-ide-0.5.3\\out\\server\\src\\server.js:2393:7383)\n    at F3.invoke (c:\\Users\\Usuario\\.vscode\\extensions\\uqbar.wollok-lsp-ide-0.5.3\\out\\server\\src\\server.js:3:157334)\n    at o.fire (c:\\Users\\Usuario\\.vscode\\extensions\\uqbar.wollok-lsp-ide-0.5.3\\out\\server\\src\\server.js:3:158104)\n    at c:\\Users\\Usuario\\.vscode\\extensions\\uqbar.wollok-lsp-ide-0.5.3\\out\\server\\src\\server.js:37:57871\n    at Zr (c:\\Users\\Usuario\\.vscode\\extensions\\uqbar.wollok-lsp-ide-0.5.3\\out\\server\\src\\server.js:8:1561)","timestamp":"2025-10-25T14:00:39.083Z"}
{"level":"error","message":"✘ Failed to rebuild document Failed to parse example.wlk: \n-- PARSING FAILED --------------------------------------------------\n\n  13 | \t\n  14 | \tmethod juegoTerminado() = vidas == 0\n> 15 | }\n     | ^\n  16 | \n  17 | object cherry {\n\nExpected one of the following: \n\n'@', 'class', 'const', 'describe', 'mixin', 'object', 'only', 'package', 'program', 'test', 'var', '{', EOF, comment, not \"}\r\n\r\n\", whitespace\n","stack":"Error: Failed to parse example.wlk: \n-- PARSING FAILED --------------------------------------------------\n\n  13 | \t\n  14 | \tmethod juegoTerminado() = vidas == 0\n> 15 | }\n     | ^\n  16 | \n  17 | object cherry {\n\nExpected one of the following: \n\n'@', 'class', 'const', 'describe', 'mixin', 'object', 'only', 'package', 'program', 'test', 'var', '{', EOF, comment, not \"}\r\n\r\n\", whitespace\n\n    at c:\\Users\\Usuario\\.vscode\\extensions\\uqbar.wollok-lsp-ide-0.5.3\\out\\server\\src\\server.js:2348:13026\n    at Array.map (<anonymous>)\n    at W1n (c:\\Users\\Usuario\\.vscode\\extensions\\uqbar.wollok-lsp-ide-0.5.3\\out\\server\\src\\server.js:2348:12950)\n    at U2.buildEnvironmentFrom (c:\\Users\\Usuario\\.vscode\\extensions\\uqbar.wollok-lsp-ide-0.5.3\\out\\server\\src\\server.js:2393:5254)\n    at U2.updateEnvironmentWith (c:\\Users\\Usuario\\.vscode\\extensions\\uqbar.wollok-lsp-ide-0.5.3\\out\\server\\src\\server.js:2393:4989)\n    at JF (c:\\Users\\Usuario\\.vscode\\extensions\\uqbar.wollok-lsp-ide-0.5.3\\out\\server\\src\\server.js:2393:7383)\n    at F3.invoke (c:\\Users\\Usuario\\.vscode\\extensions\\uqbar.wollok-lsp-ide-0.5.3\\out\\server\\src\\server.js:3:157334)\n    at o.fire (c:\\Users\\Usuario\\.vscode\\extensions\\uqbar.wollok-lsp-ide-0.5.3\\out\\server\\src\\server.js:3:158104)\n    at c:\\Users\\Usuario\\.vscode\\extensions\\uqbar.wollok-lsp-ide-0.5.3\\out\\server\\src\\server.js:37:57871\n    at Zr (c:\\Users\\Usuario\\.vscode\\extensions\\uqbar.wollok-lsp-ide-0.5.3\\out\\server\\src\\server.js:8:1561)","timestamp":"2025-10-25T14:00:46.884Z"}
{"level":"error","message":"✘ Failed to rebuild document Failed to parse example.wlk: \n-- PARSING FAILED --------------------------------------------------\n\n  13 | \t\n  14 | \tmethod juegoTerminado() = vidas == 0\n> 15 | }\n     | ^\n  16 | \n  17 | object cherry {\n\nExpected one of the following: \n\n'@', 'class', 'const', 'describe', 'mixin', 'object', 'only', 'package', 'program', 'test', 'var', '{', EOF, comment, not \"}\r\n\r\n\", whitespace\n","stack":"Error: Failed to parse example.wlk: \n-- PARSING FAILED --------------------------------------------------\n\n  13 | \t\n  14 | \tmethod juegoTerminado() = vidas == 0\n> 15 | }\n     | ^\n  16 | \n  17 | object cherry {\n\nExpected one of the following: \n\n'@', 'class', 'const', 'describe', 'mixin', 'object', 'only', 'package', 'program', 'test', 'var', '{', EOF, comment, not \"}\r\n\r\n\", whitespace\n\n    at c:\\Users\\Usuario\\.vscode\\extensions\\uqbar.wollok-lsp-ide-0.5.3\\out\\server\\src\\server.js:2348:13026\n    at Array.map (<anonymous>)\n    at W1n (c:\\Users\\Usuario\\.vscode\\extensions\\uqbar.wollok-lsp-ide-0.5.3\\out\\server\\src\\server.js:2348:12950)\n    at U2.buildEnvironmentFrom (c:\\Users\\Usuario\\.vscode\\extensions\\uqbar.wollok-lsp-ide-0.5.3\\out\\server\\src\\server.js:2393:5254)\n    at U2.updateEnvironmentWith (c:\\Users\\Usuario\\.vscode\\extensions\\uqbar.wollok-lsp-ide-0.5.3\\out\\server\\src\\server.js:2393:4989)\n    at JF (c:\\Users\\Usuario\\.vscode\\extensions\\uqbar.wollok-lsp-ide-0.5.3\\out\\server\\src\\server.js:2393:7383)\n    at F3.invoke (c:\\Users\\Usuario\\.vscode\\extensions\\uqbar.wollok-lsp-ide-0.5.3\\out\\server\\src\\server.js:3:157334)\n    at o.fire (c:\\Users\\Usuario\\.vscode\\extensions\\uqbar.wollok-lsp-ide-0.5.3\\out\\server\\src\\server.js:3:158104)\n    at c:\\Users\\Usuario\\.vscode\\extensions\\uqbar.wollok-lsp-ide-0.5.3\\out\\server\\src\\server.js:37:57871\n    at Zr (c:\\Users\\Usuario\\.vscode\\extensions\\uqbar.wollok-lsp-ide-0.5.3\\out\\server\\src\\server.js:8:1561)","timestamp":"2025-10-25T14:00:48.013Z"}
{"level":"error","message":"✘ Failed to rebuild document Failed to parse example.wlk: \n-- PARSING FAILED --------------------------------------------------\n\n  13 | \t\n  14 | \tmethod juegoTerminado() = vidas == 0\n> 15 | }\n     | ^\n  16 | \n  17 | object cherry {\n\nExpected one of the following: \n\n'@', 'class', 'const', 'describe', 'mixin', 'object', 'only', 'package', 'program', 'test', 'var', '{', EOF, comment, not \"}\r\n\r\n\", whitespace\n","stack":"Error: Failed to parse example.wlk: \n-- PARSING FAILED --------------------------------------------------\n\n  13 | \t\n  14 | \tmethod juegoTerminado() = vidas == 0\n> 15 | }\n     | ^\n  16 | \n  17 | object cherry {\n\nExpected one of the following: \n\n'@', 'class', 'const', 'describe', 'mixin', 'object', 'only', 'package', 'program', 'test', 'var', '{', EOF, comment, not \"}\r\n\r\n\", whitespace\n\n    at c:\\Users\\Usuario\\.vscode\\extensions\\uqbar.wollok-lsp-ide-0.5.3\\out\\server\\src\\server.js:2348:13026\n    at Array.map (<anonymous>)\n    at W1n (c:\\Users\\Usuario\\.vscode\\extensions\\uqbar.wollok-lsp-ide-0.5.3\\out\\server\\src\\server.js:2348:12950)\n    at U2.buildEnvironmentFrom (c:\\Users\\Usuario\\.vscode\\extensions\\uqbar.wollok-lsp-ide-0.5.3\\out\\server\\src\\server.js:2393:5254)\n    at U2.updateEnvironmentWith (c:\\Users\\Usuario\\.vscode\\extensions\\uqbar.wollok-lsp-ide-0.5.3\\out\\server\\src\\server.js:2393:4989)\n    at JF (c:\\Users\\Usuario\\.vscode\\extensions\\uqbar.wollok-lsp-ide-0.5.3\\out\\server\\src\\server.js:2393:7383)\n    at F3.invoke (c:\\Users\\Usuario\\.vscode\\extensions\\uqbar.wollok-lsp-ide-0.5.3\\out\\server\\src\\server.js:3:157334)\n    at o.fire (c:\\Users\\Usuario\\.vscode\\extensions\\uqbar.wollok-lsp-ide-0.5.3\\out\\server\\src\\server.js:3:158104)\n    at c:\\Users\\Usuario\\.vscode\\extensions\\uqbar.wollok-lsp-ide-0.5.3\\out\\server\\src\\server.js:37:57871\n    at Zr (c:\\Users\\Usuario\\.vscode\\extensions\\uqbar.wollok-lsp-ide-0.5.3\\out\\server\\src\\server.js:8:1561)","timestamp":"2025-10-25T14:00:48.782Z"}
{"level":"error","message":"✘ Failed to rebuild document Failed to parse example.wlk: \n-- PARSING FAILED --------------------------------------------------\n\n  13 | \t\n  14 | \tmethod juegoTerminado() = vidas == 0\n> 15 | }\n     | ^\n  16 | \n  17 | object cherry {\n\nExpected one of the following: \n\n'@', 'class', 'const', 'describe', 'mixin', 'object', 'only', 'package', 'program', 'test', 'var', '{', EOF, comment, not \"}\r\n\r\n\", whitespace\n","stack":"Error: Failed to parse example.wlk: \n-- PARSING FAILED --------------------------------------------------\n\n  13 | \t\n  14 | \tmethod juegoTerminado() = vidas == 0\n> 15 | }\n     | ^\n  16 | \n  17 | object cherry {\n\nExpected one of the following: \n\n'@', 'class', 'const', 'describe', 'mixin', 'object', 'only', 'package', 'program', 'test', 'var', '{', EOF, comment, not \"}\r\n\r\n\", whitespace\n\n    at c:\\Users\\Usuario\\.vscode\\extensions\\uqbar.wollok-lsp-ide-0.5.3\\out\\server\\src\\server.js:2348:13026\n    at Array.map (<anonymous>)\n    at W1n (c:\\Users\\Usuario\\.vscode\\extensions\\uqbar.wollok-lsp-ide-0.5.3\\out\\server\\src\\server.js:2348:12950)\n    at U2.buildEnvironmentFrom (c:\\Users\\Usuario\\.vscode\\extensions\\uqbar.wollok-lsp-ide-0.5.3\\out\\server\\src\\server.js:2393:5254)\n    at U2.updateEnvironmentWith (c:\\Users\\Usuario\\.vscode\\extensions\\uqbar.wollok-lsp-ide-0.5.3\\out\\server\\src\\server.js:2393:4989)\n    at JF (c:\\Users\\Usuario\\.vscode\\extensions\\uqbar.wollok-lsp-ide-0.5.3\\out\\server\\src\\server.js:2393:7383)\n    at F3.invoke (c:\\Users\\Usuario\\.vscode\\extensions\\uqbar.wollok-lsp-ide-0.5.3\\out\\server\\src\\server.js:3:157334)\n    at o.fire (c:\\Users\\Usuario\\.vscode\\extensions\\uqbar.wollok-lsp-ide-0.5.3\\out\\server\\src\\server.js:3:158104)\n    at c:\\Users\\Usuario\\.vscode\\extensions\\uqbar.wollok-lsp-ide-0.5.3\\out\\server\\src\\server.js:37:57871\n    at Zr (c:\\Users\\Usuario\\.vscode\\extensions\\uqbar.wollok-lsp-ide-0.5.3\\out\\server\\src\\server.js:8:1561)","timestamp":"2025-10-25T14:00:48.958Z"}
{"level":"error","message":"✘ Failed to rebuild document Failed to parse example.wlk: \n-- PARSING FAILED --------------------------------------------------\n\n  13 | \t\n  14 | \tmethod juegoTerminado() = vidas == 0\n> 15 | }\n     | ^\n  16 | \n  17 | object cherry {\n\nExpected one of the following: \n\n'@', 'class', 'const', 'describe', 'mixin', 'object', 'only', 'package', 'program', 'test', 'var', '{', EOF, comment, not \"}\r\n\r\n\", whitespace\n","stack":"Error: Failed to parse example.wlk: \n-- PARSING FAILED --------------------------------------------------\n\n  13 | \t\n  14 | \tmethod juegoTerminado() = vidas == 0\n> 15 | }\n     | ^\n  16 | \n  17 | object cherry {\n\nExpected one of the following: \n\n'@', 'class', 'const', 'describe', 'mixin', 'object', 'only', 'package', 'program', 'test', 'var', '{', EOF, comment, not \"}\r\n\r\n\", whitespace\n\n    at c:\\Users\\Usuario\\.vscode\\extensions\\uqbar.wollok-lsp-ide-0.5.3\\out\\server\\src\\server.js:2348:13026\n    at Array.map (<anonymous>)\n    at W1n (c:\\Users\\Usuario\\.vscode\\extensions\\uqbar.wollok-lsp-ide-0.5.3\\out\\server\\src\\server.js:2348:12950)\n    at U2.buildEnvironmentFrom (c:\\Users\\Usuario\\.vscode\\extensions\\uqbar.wollok-lsp-ide-0.5.3\\out\\server\\src\\server.js:2393:5254)\n    at U2.updateEnvironmentWith (c:\\Users\\Usuario\\.vscode\\extensions\\uqbar.wollok-lsp-ide-0.5.3\\out\\server\\src\\server.js:2393:4989)\n    at JF (c:\\Users\\Usuario\\.vscode\\extensions\\uqbar.wollok-lsp-ide-0.5.3\\out\\server\\src\\server.js:2393:7383)\n    at F3.invoke (c:\\Users\\Usuario\\.vscode\\extensions\\uqbar.wollok-lsp-ide-0.5.3\\out\\server\\src\\server.js:3:157334)\n    at o.fire (c:\\Users\\Usuario\\.vscode\\extensions\\uqbar.wollok-lsp-ide-0.5.3\\out\\server\\src\\server.js:3:158104)\n    at c:\\Users\\Usuario\\.vscode\\extensions\\uqbar.wollok-lsp-ide-0.5.3\\out\\server\\src\\server.js:37:57871\n    at Zr (c:\\Users\\Usuario\\.vscode\\extensions\\uqbar.wollok-lsp-ide-0.5.3\\out\\server\\src\\server.js:8:1561)","timestamp":"2025-10-25T14:00:50.899Z"}
{"level":"error","message":"✘ Failed to rebuild document Failed to parse example.wlk: \n-- PARSING FAILED --------------------------------------------------\n\n  13 | \t\n  14 | \tmethod juegoTerminado() = vidas == 0\n> 15 | }\n     | ^\n  16 | \n  17 | object cherry {\n\nExpected one of the following: \n\n'@', 'class', 'const', 'describe', 'mixin', 'object', 'only', 'package', 'program', 'test', 'var', '{', EOF, comment, not \"}\r\n\r\n\", whitespace\n","stack":"Error: Failed to parse example.wlk: \n-- PARSING FAILED --------------------------------------------------\n\n  13 | \t\n  14 | \tmethod juegoTerminado() = vidas == 0\n> 15 | }\n     | ^\n  16 | \n  17 | object cherry {\n\nExpected one of the following: \n\n'@', 'class', 'const', 'describe', 'mixin', 'object', 'only', 'package', 'program', 'test', 'var', '{', EOF, comment, not \"}\r\n\r\n\", whitespace\n\n    at c:\\Users\\Usuario\\.vscode\\extensions\\uqbar.wollok-lsp-ide-0.5.3\\out\\server\\src\\server.js:2348:13026\n    at Array.map (<anonymous>)\n    at W1n (c:\\Users\\Usuario\\.vscode\\extensions\\uqbar.wollok-lsp-ide-0.5.3\\out\\server\\src\\server.js:2348:12950)\n    at U2.buildEnvironmentFrom (c:\\Users\\Usuario\\.vscode\\extensions\\uqbar.wollok-lsp-ide-0.5.3\\out\\server\\src\\server.js:2393:5254)\n    at U2.updateEnvironmentWith (c:\\Users\\Usuario\\.vscode\\extensions\\uqbar.wollok-lsp-ide-0.5.3\\out\\server\\src\\server.js:2393:4989)\n    at JF (c:\\Users\\Usuario\\.vscode\\extensions\\uqbar.wollok-lsp-ide-0.5.3\\out\\server\\src\\server.js:2393:7383)\n    at F3.invoke (c:\\Users\\Usuario\\.vscode\\extensions\\uqbar.wollok-lsp-ide-0.5.3\\out\\server\\src\\server.js:3:157334)\n    at o.fire (c:\\Users\\Usuario\\.vscode\\extensions\\uqbar.wollok-lsp-ide-0.5.3\\out\\server\\src\\server.js:3:158104)\n    at c:\\Users\\Usuario\\.vscode\\extensions\\uqbar.wollok-lsp-ide-0.5.3\\out\\server\\src\\server.js:37:57871\n    at Zr (c:\\Users\\Usuario\\.vscode\\extensions\\uqbar.wollok-lsp-ide-0.5.3\\out\\server\\src\\server.js:8:1561)","timestamp":"2025-10-25T14:00:51.419Z"}
{"level":"info","message":"🚀 Program executed \u001b[3m\u001b[34mpgmProgram.pacmanGame\u001b[39m\u001b[23m on \u001b[3m\u001b[34mc:\\Users\\Usuario\\Desktop\\UnaHur\\objetos 1\\proyectosWollok\\pacmanbasicgame-LEsayago\u001b[39m\u001b[23m","ok":true,"timeElapsed":272,"timestamp":"2025-10-25T14:01:53.739Z"}
{"exitCode":0,"level":"info","message":"👾 Game executed pgmProgram.pacmanGame on c:\\Users\\Usuario\\Desktop\\UnaHur\\objetos 1\\proyectosWollok\\pacmanbasicgame-LEsayago","timeElapsed":26977,"timestamp":"2025-10-25T14:02:20.444Z"}
{"level":"info","message":"🚀 Program executed \u001b[3m\u001b[34mpgmProgram.pacmanGame\u001b[39m\u001b[23m on \u001b[3m\u001b[34mc:\\Users\\Usuario\\Desktop\\UnaHur\\objetos 1\\proyectosWollok\\pacmanbasicgame-LEsayago\u001b[39m\u001b[23m","ok":true,"timeElapsed":275,"timestamp":"2025-10-25T14:05:08.769Z"}
{"exitCode":"SIGHUP","level":"info","message":"👾 Game executed pgmProgram.pacmanGame on c:\\Users\\Usuario\\Desktop\\UnaHur\\objetos 1\\proyectosWollok\\pacmanbasicgame-LEsayago","timeElapsed":42591,"timestamp":"2025-10-25T14:05:51.085Z"}
{"level":"info","message":"🚀 Program executed \u001b[3m\u001b[34mpgmProgram.pacmanGame\u001b[39m\u001b[23m on \u001b[3m\u001b[34mc:\\Users\\Usuario\\Desktop\\UnaHur\\objetos 1\\proyectosWollok\\pacmanbasicgame-LEsayago\u001b[39m\u001b[23m","ok":true,"timeElapsed":279,"timestamp":"2025-10-25T14:05:55.972Z"}
{"exitCode":0,"level":"info","message":"👾 Game executed pgmProgram.pacmanGame on c:\\Users\\Usuario\\Desktop\\UnaHur\\objetos 1\\proyectosWollok\\pacmanbasicgame-LEsayago","timeElapsed":24032,"timestamp":"2025-10-25T14:06:19.724Z"}
